1,5dHuXyC,10/25/2019 8:00,10/25/2019 8:00,10/25/2019 8:00
2,3gx4PdB,10/26/2019 8:00,10/26/2019 8:00,10/26/2019 8:00
3,UvlIgmI,10/27/2019 8:00,10/27/2019 8:00,10/27/2019 8:00
4,Jfeowpd,10/28/2019 8:00,10/28/2019 8:00,10/28/2019 8:00
5,Lle4ezb,10/29/2019 8:00,10/29/2019 8:00,10/29/2019 8:00
6,gDe6Stk,10/30/2019 8:00,10/30/2019 8:00,10/30/2019 8:00
7,8lBWhRq,10/31/2019 8:00,10/31/2019 8:00,10/31/2019 8:00
8,Cnym6uD,11/1/2019 8:00,11/1/2019 8:00,11/1/2019 8:00
9,hwp3dpJ,11/2/2019 8:00,11/2/2019 8:00,11/2/2019 8:00
10,ybI3E16,11/3/2019 8:00,11/3/2019 8:00,11/3/2019 8:00
11,yDY1pto,11/4/2019 8:00,11/4/2019 8:00,11/4/2019 8:00
12,6a86b6I,11/5/2019 8:00,11/5/2019 8:00,11/5/2019 8:00
13,pVcLJi0,11/6/2019 8:00,11/6/2019 8:00,11/6/2019 8:00
14,4S45Nww,11/7/2019 8:00,11/7/2019 8:00,11/7/2019 8:00
15,dgdh4CL,11/8/2019 8:00,11/8/2019 8:00,11/8/2019 8:00
16,HnB7FzN,11/9/2019 8:00,11/9/2019 8:00,11/9/2019 8:00
17,mHWupPL,11/10/2019 8:00,11/10/2019 8:00,11/10/2019 8:00
18,lyowwmj,11/11/2019 8:00,11/11/2019 8:00,11/11/2019 8:00
19,vm4LtcK,11/12/2019 8:00,11/12/2019 8:00,11/12/2019 8:00
20,zactSnC,11/13/2019 8:00,11/13/2019 8:00,11/13/2019 8:00
21,V63tizG,11/14/2019 8:00,11/14/2019 8:00,11/14/2019 8:00
22,cbNITI3,11/15/2019 8:00,11/15/2019 8:00,11/15/2019 8:00
23,Uw9ised,11/16/2019 8:00,11/16/2019 8:00,11/16/2019 8:00
24,7IdzZS9,11/17/2019 8:00,11/17/2019 8:00,11/17/2019 8:00
25,krM8XCZ,11/18/2019 8:00,11/18/2019 8:00,11/18/2019 8:00
26,eKxyiIe,11/19/2019 8:00,11/19/2019 8:00,11/19/2019 8:00
27,tC4Rpab,11/20/2019 8:00,11/20/2019 8:00,11/20/2019 8:00
28,AE58GWk,11/21/2019 8:00,11/21/2019 8:00,11/21/2019 8:00
29,tlvHB3P,11/22/2019 8:00,11/22/2019 8:00,11/22/2019 8:00
30,Wmn3qea,11/23/2019 8:00,11/23/2019 8:00,11/23/2019 8:00
31,K0EgMIB,11/24/2019 8:00,11/24/2019 8:00,11/24/2019 8:00
32,7dWazta,11/25/2019 8:00,11/25/2019 8:00,11/25/2019 8:00
33,GSmWNjA,11/26/2019 8:00,11/26/2019 8:00,11/26/2019 8:00
34,e0jxvNf,11/27/2019 8:00,11/27/2019 8:00,11/27/2019 8:00
35,5K2QzIR,11/28/2019 8:00,11/28/2019 8:00,11/28/2019 8:00
36,5FnOhLC,11/29/2019 8:00,11/29/2019 8:00,11/29/2019 8:00
37,VZMKX9R,11/30/2019 8:00,11/30/2019 8:00,11/30/2019 8:00
38,g0uOrHf,12/1/2019 8:00,12/1/2019 8:00,12/1/2019 8:00
39,ZFTzhUm,12/2/2019 8:00,12/2/2019 8:00,12/2/2019 8:00
40,bsTJmmK,12/3/2019 8:00,12/3/2019 8:00,12/3/2019 8:00
41,juLreQC,12/4/2019 8:00,12/4/2019 8:00,12/4/2019 8:00
42,ecO4B9L,12/5/2019 8:00,12/5/2019 8:00,12/5/2019 8:00
43,bdaw7lF,12/6/2019 8:00,12/6/2019 8:00,12/6/2019 8:00
44,mcTB7sI,12/7/2019 8:00,12/7/2019 8:00,12/7/2019 8:00
45,1OvrF1n,12/8/2019 8:00,12/8/2019 8:00,12/8/2019 8:00
46,V6dP6PJ,12/9/2019 8:00,12/9/2019 8:00,12/9/2019 8:00
47,SLlgu4k,12/10/2019 8:00,12/10/2019 8:00,12/10/2019 8:00
48,o12QXNZ,12/11/2019 8:00,12/11/2019 8:00,12/11/2019 8:00
49,7992Kcz,12/12/2019 8:00,12/12/2019 8:00,12/12/2019 8:00
50,RSwpUF6,12/13/2019 8:00,12/13/2019 8:00,12/13/2019 8:00
51,EmUxhrH,12/14/2019 8:00,12/14/2019 8:00,12/14/2019 8:00
52,60IhEL0,12/15/2019 8:00,12/15/2019 8:00,12/15/2019 8:00
53,o45YQJU,12/16/2019 8:00,12/16/2019 8:00,12/16/2019 8:00
54,BW9rsx9,12/17/2019 8:00,12/17/2019 8:00,12/17/2019 8:00
55,RiFcEZO,12/18/2019 8:00,12/18/2019 8:00,12/18/2019 8:00
56,oEWelVu,12/19/2019 8:00,12/19/2019 8:00,12/19/2019 8:00
57,AvfHtfH,12/20/2019 8:00,12/20/2019 8:00,12/20/2019 8:00
58,fUMNfcd,12/21/2019 8:00,12/21/2019 8:00,12/21/2019 8:00
59,duOeviU,12/22/2019 8:00,12/22/2019 8:00,12/22/2019 8:00
60,WL2jYmD,12/23/2019 8:00,12/23/2019 8:00,12/23/2019 8:00
61,MrjFBac,12/24/2019 8:00,12/24/2019 8:00,12/24/2019 8:00
62,JI3FDSQ,12/25/2019 8:00,12/25/2019 8:00,12/25/2019 8:00
63,RYl3jO9,12/26/2019 8:00,12/26/2019 8:00,12/26/2019 8:00
64,rDjaQA6,12/27/2019 8:00,12/27/2019 8:00,12/27/2019 8:00
65,JHF4wFq,12/28/2019 8:00,12/28/2019 8:00,12/28/2019 8:00
66,BDVAjXZ,12/29/2019 8:00,12/29/2019 8:00,12/29/2019 8:00
67,EXb9zoi,12/30/2019 8:00,12/30/2019 8:00,12/30/2019 8:00
68,i4ihFqN,12/31/2019 8:00,12/31/2019 8:00,12/31/2019 8:00
69,FFKH3TP,1/1/2020 8:00,1/1/2020 8:00,1/1/2020 8:00
70,FfyBaiC,1/2/2020 8:00,1/2/2020 8:00,1/2/2020 8:00
71,wYkJrfN,1/3/2020 8:00,1/3/2020 8:00,1/3/2020 8:00
72,1EwLf6r,1/4/2020 8:00,1/4/2020 8:00,1/4/2020 8:00
73,MS9Dzxj,1/5/2020 8:00,1/5/2020 8:00,1/5/2020 8:00
74,1rST4gC,1/6/2020 8:00,1/6/2020 8:00,1/6/2020 8:00
75,J7bfSoc,1/7/2020 8:00,1/7/2020 8:00,1/7/2020 8:00
76,msJSOUn,1/8/2020 8:00,1/8/2020 8:00,1/8/2020 8:00
77,9kLf2OV,1/9/2020 8:00,1/9/2020 8:00,1/9/2020 8:00
78,3QpmX5u,1/10/2020 8:00,1/10/2020 8:00,1/10/2020 8:00
79,HdFoiWp,1/11/2020 8:00,1/11/2020 8:00,1/11/2020 8:00
80,gduNpYX,1/12/2020 8:00,1/12/2020 8:00,1/12/2020 8:00
81,vMNAIl0,1/13/2020 8:00,1/13/2020 8:00,1/13/2020 8:00
82,4ngiOTm,1/14/2020 8:00,1/14/2020 8:00,1/14/2020 8:00
83,C75Ezl4,1/15/2020 8:00,1/15/2020 8:00,1/15/2020 8:00
84,COgw2K9,1/16/2020 8:00,1/16/2020 8:00,1/16/2020 8:00
85,cEUCv03,1/17/2020 8:00,1/17/2020 8:00,1/17/2020 8:00
86,pWCCFLg,1/18/2020 8:00,1/18/2020 8:00,1/18/2020 8:00
87,tJoxrqS,1/19/2020 8:00,1/19/2020 8:00,1/19/2020 8:00
88,6PeVNzj,1/20/2020 8:00,1/20/2020 8:00,1/20/2020 8:00
89,aS45SKP,1/21/2020 8:00,1/21/2020 8:00,1/21/2020 8:00
90,xBzWp9X,1/22/2020 8:00,1/22/2020 8:00,1/22/2020 8:00
91,E8zd4LR,1/23/2020 8:00,1/23/2020 8:00,1/23/2020 8:00
92,deIQqOA,1/24/2020 8:00,1/24/2020 8:00,1/24/2020 8:00
93,rHLIEo2,1/25/2020 8:00,1/25/2020 8:00,1/25/2020 8:00
94,ftMytDR,1/26/2020 8:00,1/26/2020 8:00,1/26/2020 8:00
95,a61HbyO,1/27/2020 8:00,1/27/2020 8:00,1/27/2020 8:00
96,Pnz9SVu,1/28/2020 8:00,1/28/2020 8:00,1/28/2020 8:00
97,VQvWzQ0,1/29/2020 8:00,1/29/2020 8:00,1/29/2020 8:00
98,vaMP3Mq,1/30/2020 8:00,1/30/2020 8:00,1/30/2020 8:00
99,MRbEgXR,1/31/2020 8:00,1/31/2020 8:00,1/31/2020 8:00
100,XkYCgmp,2/1/2020 8:00,2/1/2020 8:00,2/1/2020 8:00
101,rj9Hixr,2/2/2020 8:00,2/2/2020 8:00,2/2/2020 8:00
102,eJ9SMmT,2/3/2020 8:00,2/3/2020 8:00,2/3/2020 8:00
103,CuV4hoj,2/4/2020 8:00,2/4/2020 8:00,2/4/2020 8:00
104,FxSRQJk,2/5/2020 8:00,2/5/2020 8:00,2/5/2020 8:00
105,CkFud7d,2/6/2020 8:00,2/6/2020 8:00,2/6/2020 8:00
106,SKs0wCy,2/7/2020 8:00,2/7/2020 8:00,2/7/2020 8:00
107,LGVoUVP,2/8/2020 8:00,2/8/2020 8:00,2/8/2020 8:00
108,TDrpzSD,2/9/2020 8:00,2/9/2020 8:00,2/9/2020 8:00
109,JWEtHz1,2/10/2020 8:00,2/10/2020 8:00,2/10/2020 8:00
110,Y9pMJHc,2/11/2020 8:00,2/11/2020 8:00,2/11/2020 8:00
111,fNTDuto,2/12/2020 8:00,2/12/2020 8:00,2/12/2020 8:00
112,NdQAKzS,2/13/2020 8:00,2/13/2020 8:00,2/13/2020 8:00
113,80BOJQ3,2/14/2020 8:00,2/14/2020 8:00,2/14/2020 8:00
114,Cj66RS5,2/15/2020 8:00,2/15/2020 8:00,2/15/2020 8:00
115,7vWOQvm,2/16/2020 8:00,2/16/2020 8:00,2/16/2020 8:00
116,Pc60ei3,2/17/2020 8:00,2/17/2020 8:00,2/17/2020 8:00
117,RFkb7ep,2/18/2020 8:00,2/18/2020 8:00,2/18/2020 8:00
118,5Ke7wtR,2/19/2020 8:00,2/19/2020 8:00,2/19/2020 8:00
119,QuavTBv,2/20/2020 8:00,2/20/2020 8:00,2/20/2020 8:00
120,OTxn4OZ,2/21/2020 8:00,2/21/2020 8:00,2/21/2020 8:00
121,ls2OKK7,2/22/2020 8:00,2/22/2020 8:00,2/22/2020 8:00
122,VHUEWKF,2/23/2020 8:00,2/23/2020 8:00,2/23/2020 8:00
123,Z8jYWkj,2/24/2020 8:00,2/24/2020 8:00,2/24/2020 8:00
124,jbplrAR,2/25/2020 8:00,2/25/2020 8:00,2/25/2020 8:00
125,k8bzYVx,2/26/2020 8:00,2/26/2020 8:00,2/26/2020 8:00
126,bYSopBi,2/27/2020 8:00,2/27/2020 8:00,2/27/2020 8:00
127,C7uzCdL,2/28/2020 8:00,2/28/2020 8:00,2/28/2020 8:00
128,6eQnSfc,2/29/2020 8:00,2/29/2020 8:00,2/29/2020 8:00
129,MSZo1nw,3/1/2020 8:00,3/1/2020 8:00,3/1/2020 8:00
130,uOZGAYb,3/2/2020 8:00,3/2/2020 8:00,3/2/2020 8:00
131,QbYoQ4y,3/3/2020 8:00,3/3/2020 8:00,3/3/2020 8:00
132,wxD6cKW,3/4/2020 8:00,3/4/2020 8:00,3/4/2020 8:00
133,TxjPwfn,3/5/2020 8:00,3/5/2020 8:00,3/5/2020 8:00
134,QcoBMul,3/6/2020 8:00,3/6/2020 8:00,3/6/2020 8:00
135,FHltIOe,3/7/2020 8:00,3/7/2020 8:00,3/7/2020 8:00
136,APtjGGt,3/8/2020 8:00,3/8/2020 8:00,3/8/2020 8:00
137,ircL8Gu,3/9/2020 8:00,3/9/2020 8:00,3/9/2020 8:00
138,3CteDnK,3/10/2020 8:00,3/10/2020 8:00,3/10/2020 8:00
139,Yra5qVX,3/11/2020 8:00,3/11/2020 8:00,3/11/2020 8:00
140,OjiFtz5,3/12/2020 8:00,3/12/2020 8:00,3/12/2020 8:00
141,f1JVmm2,3/13/2020 8:00,3/13/2020 8:00,3/13/2020 8:00
142,CxgFh7P,3/14/2020 8:00,3/14/2020 8:00,3/14/2020 8:00
143,2LqVZ7z,3/15/2020 8:00,3/15/2020 8:00,3/15/2020 8:00
144,r0ztnCU,3/16/2020 8:00,3/16/2020 8:00,3/16/2020 8:00
145,pP8HRaG,3/17/2020 8:00,3/17/2020 8:00,3/17/2020 8:00
146,uQCQHqx,3/18/2020 8:00,3/18/2020 8:00,3/18/2020 8:00
147,9bSbJXb,3/19/2020 8:00,3/19/2020 8:00,3/19/2020 8:00
148,HuchXN4,3/20/2020 8:00,3/20/2020 8:00,3/20/2020 8:00
149,FO94Ty2,3/21/2020 8:00,3/21/2020 8:00,3/21/2020 8:00
150,fWo3TJU,3/22/2020 8:00,3/22/2020 8:00,3/22/2020 8:00
151,H38ahi8,3/23/2020 8:00,3/23/2020 8:00,3/23/2020 8:00
152,GPHHtuD,3/24/2020 8:00,3/24/2020 8:00,3/24/2020 8:00
153,P10C0Cz,3/25/2020 8:00,3/25/2020 8:00,3/25/2020 8:00
154,XlkReWc,3/26/2020 8:00,3/26/2020 8:00,3/26/2020 8:00
155,lNUrDBK,3/27/2020 8:00,3/27/2020 8:00,3/27/2020 8:00
156,L42SPen,3/28/2020 8:00,3/28/2020 8:00,3/28/2020 8:00
157,GDQgbjj,3/29/2020 8:00,3/29/2020 8:00,3/29/2020 8:00
158,LWyyo2P,3/30/2020 8:00,3/30/2020 8:00,3/30/2020 8:00
159,yi5SQmc,3/31/2020 8:00,3/31/2020 8:00,3/31/2020 8:00
160,eRRCFsC,4/1/2020 8:00,4/1/2020 8:00,4/1/2020 8:00
161,Tk02wQg,4/2/2020 8:00,4/2/2020 8:00,4/2/2020 8:00
162,6gOV0wc,4/3/2020 8:00,4/3/2020 8:00,4/3/2020 8:00
163,fAHP0K5,4/4/2020 8:00,4/4/2020 8:00,4/4/2020 8:00
164,SOwZJvk,4/5/2020 8:00,4/5/2020 8:00,4/5/2020 8:00
165,P6zAaAM,4/6/2020 8:00,4/6/2020 8:00,4/6/2020 8:00
166,LqFY4pd,4/7/2020 8:00,4/7/2020 8:00,4/7/2020 8:00
167,6joFBNz,4/8/2020 8:00,4/8/2020 8:00,4/8/2020 8:00
168,olLCwhQ,4/9/2020 8:00,4/9/2020 8:00,4/9/2020 8:00
169,XijaYQb,4/10/2020 8:00,4/10/2020 8:00,4/10/2020 8:00
170,6lhpwv8,4/11/2020 8:00,4/11/2020 8:00,4/11/2020 8:00
171,odd9UbP,4/12/2020 8:00,4/12/2020 8:00,4/12/2020 8:00
172,fSdBYHr,4/13/2020 8:00,4/13/2020 8:00,4/13/2020 8:00
173,MW7mIay,4/14/2020 8:00,4/14/2020 8:00,4/14/2020 8:00
174,55rUF3E,4/15/2020 8:00,4/15/2020 8:00,4/15/2020 8:00
175,u7et5sI,4/16/2020 8:00,4/16/2020 8:00,4/16/2020 8:00
176,J5w6O7A,4/17/2020 8:00,4/17/2020 8:00,4/17/2020 8:00
177,LRT752l,4/18/2020 8:00,4/18/2020 8:00,4/18/2020 8:00
178,RZHfL6r,4/19/2020 8:00,4/19/2020 8:00,4/19/2020 8:00
179,aC7vxKq,4/20/2020 8:00,4/20/2020 8:00,4/20/2020 8:00
180,RLVs4jF,4/21/2020 8:00,4/21/2020 8:00,4/21/2020 8:00
181,vjJHBVA,4/22/2020 8:00,4/22/2020 8:00,4/22/2020 8:00
182,kxYjkda,4/23/2020 8:00,4/23/2020 8:00,4/23/2020 8:00
183,gG8uX0x,4/24/2020 8:00,4/24/2020 8:00,4/24/2020 8:00
184,DLgm0pM,4/25/2020 8:00,4/25/2020 8:00,4/25/2020 8:00
185,IzGE4Vi,4/26/2020 8:00,4/26/2020 8:00,4/26/2020 8:00
186,YUzayAx,4/27/2020 8:00,4/27/2020 8:00,4/27/2020 8:00
187,UFss0ay,4/28/2020 8:00,4/28/2020 8:00,4/28/2020 8:00
188,4BN2eYG,4/29/2020 8:00,4/29/2020 8:00,4/29/2020 8:00
189,MguC8P6,4/30/2020 8:00,4/30/2020 8:00,4/30/2020 8:00
190,6R3ioe1,5/1/2020 8:00,5/1/2020 8:00,5/1/2020 8:00
191,g1IRLB3,5/2/2020 8:00,5/2/2020 8:00,5/2/2020 8:00
192,mEaiXid,5/3/2020 8:00,5/3/2020 8:00,5/3/2020 8:00
193,6uJa4iu,5/4/2020 8:00,5/4/2020 8:00,5/4/2020 8:00
194,PDP0ymt,5/5/2020 8:00,5/5/2020 8:00,5/5/2020 8:00
195,GjeGSfu,5/6/2020 8:00,5/6/2020 8:00,5/6/2020 8:00
196,ZglERhG,5/7/2020 8:00,5/7/2020 8:00,5/7/2020 8:00
197,SgfvW6Q,5/8/2020 8:00,5/8/2020 8:00,5/8/2020 8:00
198,QBAdp1Z,5/9/2020 8:00,5/9/2020 8:00,5/9/2020 8:00
199,LqFZiCK,5/10/2020 8:00,5/10/2020 8:00,5/10/2020 8:00
200,ThJxc1g,5/11/2020 8:00,5/11/2020 8:00,5/11/2020 8:00
201,JDFuoj7,5/12/2020 8:00,5/12/2020 8:00,5/12/2020 8:00
202,X5lEicI,5/13/2020 8:00,5/13/2020 8:00,5/13/2020 8:00
203,aJGIbr0,5/14/2020 8:00,5/14/2020 8:00,5/14/2020 8:00
204,SeUVEN7,5/15/2020 8:00,5/15/2020 8:00,5/15/2020 8:00
205,HCyLrdu,5/16/2020 8:00,5/16/2020 8:00,5/16/2020 8:00
206,vXMnNrH,5/17/2020 8:00,5/17/2020 8:00,5/17/2020 8:00
207,9ephpYH,5/18/2020 8:00,5/18/2020 8:00,5/18/2020 8:00
208,MpOMb2J,5/19/2020 8:00,5/19/2020 8:00,5/19/2020 8:00
209,kMB8x8t,5/20/2020 8:00,5/20/2020 8:00,5/20/2020 8:00
210,3qcRWuL,5/21/2020 8:00,5/21/2020 8:00,5/21/2020 8:00
211,sunzjs7,5/22/2020 8:00,5/22/2020 8:00,5/22/2020 8:00
212,xNjHJXl,5/23/2020 8:00,5/23/2020 8:00,5/23/2020 8:00
213,BqRdhzH,5/24/2020 8:00,5/24/2020 8:00,5/24/2020 8:00
214,2aI6nqp,5/25/2020 8:00,5/25/2020 8:00,5/25/2020 8:00
215,THCpmVB,5/26/2020 8:00,5/26/2020 8:00,5/26/2020 8:00
216,DSQbuf3,5/27/2020 8:00,5/27/2020 8:00,5/27/2020 8:00
217,kjUYkN2,5/28/2020 8:00,5/28/2020 8:00,5/28/2020 8:00
218,dFsUo9y,5/29/2020 8:00,5/29/2020 8:00,5/29/2020 8:00
219,OA9aJgs,5/30/2020 8:00,5/30/2020 8:00,5/30/2020 8:00
220,NNXqZJI,5/31/2020 8:00,5/31/2020 8:00,5/31/2020 8:00
221,5pthKhH,6/1/2020 8:00,6/1/2020 8:00,6/1/2020 8:00
222,LDxtrBw,6/2/2020 8:00,6/2/2020 8:00,6/2/2020 8:00
223,f8pgKjF,6/3/2020 8:00,6/3/2020 8:00,6/3/2020 8:00
224,jJTOozE,6/4/2020 8:00,6/4/2020 8:00,6/4/2020 8:00
225,PdepMNp,6/5/2020 8:00,6/5/2020 8:00,6/5/2020 8:00
226,iJ6bSxb,6/6/2020 8:00,6/6/2020 8:00,6/6/2020 8:00
227,wl6gS2H,6/7/2020 8:00,6/7/2020 8:00,6/7/2020 8:00
228,pjjzpfc,6/8/2020 8:00,6/8/2020 8:00,6/8/2020 8:00
229,QX0z4xY,6/9/2020 8:00,6/9/2020 8:00,6/9/2020 8:00
230,rWOGWah,6/10/2020 8:00,6/10/2020 8:00,6/10/2020 8:00
231,Bd8YAg2,6/11/2020 8:00,6/11/2020 8:00,6/11/2020 8:00
232,tx6dj2u,6/12/2020 8:00,6/12/2020 8:00,6/12/2020 8:00
233,rJRI8sX,6/13/2020 8:00,6/13/2020 8:00,6/13/2020 8:00
234,aXlKb6u,6/14/2020 8:00,6/14/2020 8:00,6/14/2020 8:00
235,dNnF8zR,6/15/2020 8:00,6/15/2020 8:00,6/15/2020 8:00
236,NKgn65B,6/16/2020 8:00,6/16/2020 8:00,6/16/2020 8:00
237,QH2NNw3,6/17/2020 8:00,6/17/2020 8:00,6/17/2020 8:00
238,CVevY9R,6/18/2020 8:00,6/18/2020 8:00,6/18/2020 8:00
239,bi6QAbI,6/19/2020 8:00,6/19/2020 8:00,6/19/2020 8:00
240,tCho6j3,6/20/2020 8:00,6/20/2020 8:00,6/20/2020 8:00
241,BY6CMr0,6/21/2020 8:00,6/21/2020 8:00,6/21/2020 8:00
242,vr3Pkx9,6/22/2020 8:00,6/22/2020 8:00,6/22/2020 8:00
243,MJcEpal,6/23/2020 8:00,6/23/2020 8:00,6/23/2020 8:00
244,sAk3Whu,6/24/2020 8:00,6/24/2020 8:00,6/24/2020 8:00
245,g3E16Y7,6/25/2020 8:00,6/25/2020 8:00,6/25/2020 8:00
246,WEatXId,6/26/2020 8:00,6/26/2020 8:00,6/26/2020 8:00
247,VKGp1ni,6/27/2020 8:00,6/27/2020 8:00,6/27/2020 8:00
248,L217Zyf,6/28/2020 8:00,6/28/2020 8:00,6/28/2020 8:00
249,s4RqueR,6/29/2020 8:00,6/29/2020 8:00,6/29/2020 8:00
250,9oLiFjD,6/30/2020 8:00,6/30/2020 8:00,6/30/2020 8:00
251,KR8rx1y,7/1/2020 8:00,7/1/2020 8:00,7/1/2020 8:00
252,myHGxYA,7/2/2020 8:00,7/2/2020 8:00,7/2/2020 8:00
253,HYieA1n,7/3/2020 8:00,7/3/2020 8:00,7/3/2020 8:00
254,R5Uzat0,7/4/2020 8:00,7/4/2020 8:00,7/4/2020 8:00
255,GDGGa4u,7/5/2020 8:00,7/5/2020 8:00,7/5/2020 8:00
256,p0SrSOg,7/6/2020 8:00,7/6/2020 8:00,7/6/2020 8:00
257,6NjtQPT,7/7/2020 8:00,7/7/2020 8:00,7/7/2020 8:00
258,qx1jzHW,7/8/2020 8:00,7/8/2020 8:00,7/8/2020 8:00
259,bHcpDwE,7/9/2020 8:00,7/9/2020 8:00,7/9/2020 8:00
260,OiaejSP,7/10/2020 8:00,7/10/2020 8:00,7/10/2020 8:00
261,qWXmdZR,7/11/2020 8:00,7/11/2020 8:00,7/11/2020 8:00
262,Cm2SREV,7/12/2020 8:00,7/12/2020 8:00,7/12/2020 8:00
263,Q6QA5Ri,7/13/2020 8:00,7/13/2020 8:00,7/13/2020 8:00
264,TdBh7VA,7/14/2020 8:00,7/14/2020 8:00,7/14/2020 8:00
265,u1jkye1,7/15/2020 8:00,7/15/2020 8:00,7/15/2020 8:00
266,S2RsugM,7/16/2020 8:00,7/16/2020 8:00,7/16/2020 8:00
267,dbyVjtV,7/17/2020 8:00,7/17/2020 8:00,7/17/2020 8:00
268,EjaxZgN,7/18/2020 8:00,7/18/2020 8:00,7/18/2020 8:00
269,3szDOBe,7/19/2020 8:00,7/19/2020 8:00,7/19/2020 8:00
270,hpzfZ5E,7/20/2020 8:00,7/20/2020 8:00,7/20/2020 8:00
271,GQ2bGoa,7/21/2020 8:00,7/21/2020 8:00,7/21/2020 8:00
272,zEC3vX2,7/22/2020 8:00,7/22/2020 8:00,7/22/2020 8:00
273,yD4YEyr,7/23/2020 8:00,7/23/2020 8:00,7/23/2020 8:00
274,Y8Isxvc,7/24/2020 8:00,7/24/2020 8:00,7/24/2020 8:00
275,ze0GVxJ,7/25/2020 8:00,7/25/2020 8:00,7/25/2020 8:00
276,uQFSKjc,7/26/2020 8:00,7/26/2020 8:00,7/26/2020 8:00
277,aE943Kw,7/27/2020 8:00,7/27/2020 8:00,7/27/2020 8:00
278,jjYKZzV,7/28/2020 8:00,7/28/2020 8:00,7/28/2020 8:00
279,4gEmiJq,7/29/2020 8:00,7/29/2020 8:00,7/29/2020 8:00
280,2GPmPY8,7/30/2020 8:00,7/30/2020 8:00,7/30/2020 8:00
281,cjuDtrL,7/31/2020 8:00,7/31/2020 8:00,7/31/2020 8:00
282,POmZ1QD,8/1/2020 8:00,8/1/2020 8:00,8/1/2020 8:00
283,sG8w6sV,8/2/2020 8:00,8/2/2020 8:00,8/2/2020 8:00
284,jblNNpv,8/3/2020 8:00,8/3/2020 8:00,8/3/2020 8:00
285,JNp1Lvc,8/4/2020 8:00,8/4/2020 8:00,8/4/2020 8:00
286,CcUUTKS,8/5/2020 8:00,8/5/2020 8:00,8/5/2020 8:00
287,osKrdnZ,8/6/2020 8:00,8/6/2020 8:00,8/6/2020 8:00
288,VAc4UAP,8/7/2020 8:00,8/7/2020 8:00,8/7/2020 8:00
289,kYgkYtC,8/8/2020 8:00,8/8/2020 8:00,8/8/2020 8:00
290,Crgszxu,8/9/2020 8:00,8/9/2020 8:00,8/9/2020 8:00
291,PMH2ekO,8/10/2020 8:00,8/10/2020 8:00,8/10/2020 8:00
292,zTSQZYt,8/11/2020 8:00,8/11/2020 8:00,8/11/2020 8:00
293,kn8PszB,8/12/2020 8:00,8/12/2020 8:00,8/12/2020 8:00
294,iGeGh8A,8/13/2020 8:00,8/13/2020 8:00,8/13/2020 8:00
295,XMuzeBu,8/14/2020 8:00,8/14/2020 8:00,8/14/2020 8:00
296,umbYClB,8/15/2020 8:00,8/15/2020 8:00,8/15/2020 8:00
297,DZYe9Fm,8/16/2020 8:00,8/16/2020 8:00,8/16/2020 8:00
298,vkhSesr,8/17/2020 8:00,8/17/2020 8:00,8/17/2020 8:00
299,fGbg2ZM,8/18/2020 8:00,8/18/2020 8:00,8/18/2020 8:00
300,cr26GmO,8/19/2020 8:00,8/19/2020 8:00,8/19/2020 8:00
301,fRl7fKX,8/20/2020 8:00,8/20/2020 8:00,8/20/2020 8:00
302,jctV8LM,8/21/2020 8:00,8/21/2020 8:00,8/21/2020 8:00
303,E2SEtN5,8/22/2020 8:00,8/22/2020 8:00,8/22/2020 8:00
304,F8jYhbU,8/23/2020 8:00,8/23/2020 8:00,8/23/2020 8:00
305,IOtNMvg,8/24/2020 8:00,8/24/2020 8:00,8/24/2020 8:00
306,2RKVBmz,8/25/2020 8:00,8/25/2020 8:00,8/25/2020 8:00
307,D7Ba0Bh,8/26/2020 8:00,8/26/2020 8:00,8/26/2020 8:00
308,XJdQDDQ,8/27/2020 8:00,8/27/2020 8:00,8/27/2020 8:00
309,RMfYyNR,8/28/2020 8:00,8/28/2020 8:00,8/28/2020 8:00
310,HAic7UY,8/29/2020 8:00,8/29/2020 8:00,8/29/2020 8:00
311,JLYgt1G,8/30/2020 8:00,8/30/2020 8:00,8/30/2020 8:00
312,fHmIqkl,8/31/2020 8:00,8/31/2020 8:00,8/31/2020 8:00
313,zNxWLx8,9/1/2020 8:00,9/1/2020 8:00,9/1/2020 8:00
314,3wHKVtF,9/2/2020 8:00,9/2/2020 8:00,9/2/2020 8:00
315,LlQsalt,9/3/2020 8:00,9/3/2020 8:00,9/3/2020 8:00
316,ssFRljx,9/4/2020 8:00,9/4/2020 8:00,9/4/2020 8:00
317,cdz6UvB,9/5/2020 8:00,9/5/2020 8:00,9/5/2020 8:00
318,ellMQrs,9/6/2020 8:00,9/6/2020 8:00,9/6/2020 8:00
319,hJmK2vn,9/7/2020 8:00,9/7/2020 8:00,9/7/2020 8:00
320,weZUvtC,9/8/2020 8:00,9/8/2020 8:00,9/8/2020 8:00
321,xZW7oh1,9/9/2020 8:00,9/9/2020 8:00,9/9/2020 8:00
322,XckFWFl,9/10/2020 8:00,9/10/2020 8:00,9/10/2020 8:00
323,gf7YNBD,9/11/2020 8:00,9/11/2020 8:00,9/11/2020 8:00
324,XvYgCkn,9/12/2020 8:00,9/12/2020 8:00,9/12/2020 8:00
325,IhwnqiI,9/13/2020 8:00,9/13/2020 8:00,9/13/2020 8:00
326,xuUXiEw,9/14/2020 8:00,9/14/2020 8:00,9/14/2020 8:00
327,izJdDl5,9/15/2020 8:00,9/15/2020 8:00,9/15/2020 8:00
328,5mjP81t,9/16/2020 8:00,9/16/2020 8:00,9/16/2020 8:00
329,5kObTm3,9/17/2020 8:00,9/17/2020 8:00,9/17/2020 8:00
330,jZ5drba,9/18/2020 8:00,9/18/2020 8:00,9/18/2020 8:00
331,LR8P0mG,9/19/2020 8:00,9/19/2020 8:00,9/19/2020 8:00
332,paOCzxg,9/20/2020 8:00,9/20/2020 8:00,9/20/2020 8:00
333,aCfxB1J,9/21/2020 8:00,9/21/2020 8:00,9/21/2020 8:00
334,YsKwTiV,9/22/2020 8:00,9/22/2020 8:00,9/22/2020 8:00
335,3iQ9msA,9/23/2020 8:00,9/23/2020 8:00,9/23/2020 8:00
336,1rrEbBh,9/24/2020 8:00,9/24/2020 8:00,9/24/2020 8:00
337,26LaK1B,9/25/2020 8:00,9/25/2020 8:00,9/25/2020 8:00
338,mI29zJ2,9/26/2020 8:00,9/26/2020 8:00,9/26/2020 8:00
339,toXF8ck,9/27/2020 8:00,9/27/2020 8:00,9/27/2020 8:00
340,ngR5Qkk,9/28/2020 8:00,9/28/2020 8:00,9/28/2020 8:00
341,wp1thOf,9/29/2020 8:00,9/29/2020 8:00,9/29/2020 8:00
342,4oJQS83,9/30/2020 8:00,9/30/2020 8:00,9/30/2020 8:00
343,TXEHeL9,10/1/2020 8:00,10/1/2020 8:00,10/1/2020 8:00
344,sEzWnBT,10/2/2020 8:00,10/2/2020 8:00,10/2/2020 8:00
345,V2od83a,10/3/2020 8:00,10/3/2020 8:00,10/3/2020 8:00
346,XPgsTi9,10/4/2020 8:00,10/4/2020 8:00,10/4/2020 8:00
347,PeDyQZv,10/5/2020 8:00,10/5/2020 8:00,10/5/2020 8:00
348,apOxvJU,10/6/2020 8:00,10/6/2020 8:00,10/6/2020 8:00
349,8dDOuBl,10/7/2020 8:00,10/7/2020 8:00,10/7/2020 8:00
350,GkfQxif,10/8/2020 8:00,10/8/2020 8:00,10/8/2020 8:00
351,0ZeSKeA,10/9/2020 8:00,10/9/2020 8:00,10/9/2020 8:00
352,Ly4Ql3q,10/10/2020 8:00,10/10/2020 8:00,10/10/2020 8:00
353,Ix5Derl,10/11/2020 8:00,10/11/2020 8:00,10/11/2020 8:00
354,vVcyWiC,10/12/2020 8:00,10/12/2020 8:00,10/12/2020 8:00
355,itX9Uy0,10/13/2020 8:00,10/13/2020 8:00,10/13/2020 8:00
356,VcO5Hnf,10/14/2020 8:00,10/14/2020 8:00,10/14/2020 8:00
357,EKRrqqw,10/15/2020 8:00,10/15/2020 8:00,10/15/2020 8:00
358,Z1z1Y5K,10/16/2020 8:00,10/16/2020 8:00,10/16/2020 8:00
359,EZwUZxv,10/17/2020 8:00,10/17/2020 8:00,10/17/2020 8:00
360,bANx5HL,10/18/2020 8:00,10/18/2020 8:00,10/18/2020 8:00
361,suNrMHP,10/19/2020 8:00,10/19/2020 8:00,10/19/2020 8:00
362,Zy7IuyI,10/20/2020 8:00,10/20/2020 8:00,10/20/2020 8:00
363,3hD8GNy,10/21/2020 8:00,10/21/2020 8:00,10/21/2020 8:00
364,kUd5wIM,10/22/2020 8:00,10/22/2020 8:00,10/22/2020 8:00
365,h6EwXuv,10/23/2020 8:00,10/23/2020 8:00,10/23/2020 8:00
366,KxoiSKj,10/24/2020 8:00,10/24/2020 8:00,10/24/2020 8:00
367,Odc8Gdy,10/25/2020 8:00,10/25/2020 8:00,10/25/2020 8:00
368,vqsJqKl,10/26/2020 8:00,10/26/2020 8:00,10/26/2020 8:00
369,fXPtUxP,10/27/2020 8:00,10/27/2020 8:00,10/27/2020 8:00
370,69VF6Ns,10/28/2020 8:00,10/28/2020 8:00,10/28/2020 8:00
371,rqad7aL,10/29/2020 8:00,10/29/2020 8:00,10/29/2020 8:00
372,j2omxuA,10/30/2020 8:00,10/30/2020 8:00,10/30/2020 8:00
373,YUn4E8i,10/31/2020 8:00,10/31/2020 8:00,10/31/2020 8:00
374,0XZ2b1Y,11/1/2020 8:00,11/1/2020 8:00,11/1/2020 8:00
375,g94KkBP,11/2/2020 8:00,11/2/2020 8:00,11/2/2020 8:00
376,1oXwxFv,11/3/2020 8:00,11/3/2020 8:00,11/3/2020 8:00
377,iLwzfmr,11/4/2020 8:00,11/4/2020 8:00,11/4/2020 8:00
378,MF8AqBL,11/5/2020 8:00,11/5/2020 8:00,11/5/2020 8:00
379,TXb6XlR,11/6/2020 8:00,11/6/2020 8:00,11/6/2020 8:00
380,kfU2wC0,11/7/2020 8:00,11/7/2020 8:00,11/7/2020 8:00
381,f3kAQjG,11/8/2020 8:00,11/8/2020 8:00,11/8/2020 8:00
382,0ycAV98,11/9/2020 8:00,11/9/2020 8:00,11/9/2020 8:00
383,Bmrt35z,11/10/2020 8:00,11/10/2020 8:00,11/10/2020 8:00
384,TQE5qNR,11/11/2020 8:00,11/11/2020 8:00,11/11/2020 8:00
385,puY9DEC,11/12/2020 8:00,11/12/2020 8:00,11/12/2020 8:00
386,1JS67yz,11/13/2020 8:00,11/13/2020 8:00,11/13/2020 8:00
387,MVg1cdV,11/14/2020 8:00,11/14/2020 8:00,11/14/2020 8:00
388,iKhWg8H,11/15/2020 8:00,11/15/2020 8:00,11/15/2020 8:00
389,84c1s0S,11/16/2020 8:00,11/16/2020 8:00,11/16/2020 8:00
390,pjZPCTy,11/17/2020 8:00,11/17/2020 8:00,11/17/2020 8:00
391,eRu6due,11/18/2020 8:00,11/18/2020 8:00,11/18/2020 8:00
392,1m8pePR,11/19/2020 8:00,11/19/2020 8:00,11/19/2020 8:00
393,C0m7Fkk,11/20/2020 8:00,11/20/2020 8:00,11/20/2020 8:00
394,4V5XWic,11/21/2020 8:00,11/21/2020 8:00,11/21/2020 8:00
395,vp1ZKCZ,11/22/2020 8:00,11/22/2020 8:00,11/22/2020 8:00
396,atqy3UZ,11/23/2020 8:00,11/23/2020 8:00,11/23/2020 8:00
397,1szhnYV,11/24/2020 8:00,11/24/2020 8:00,11/24/2020 8:00
398,5FV8jAR,11/25/2020 8:00,11/25/2020 8:00,11/25/2020 8:00
399,afaQ2Uv,11/26/2020 8:00,11/26/2020 8:00,11/26/2020 8:00
400,pa2KsV0,11/27/2020 8:00,11/27/2020 8:00,11/27/2020 8:00
401,tB0eyse,11/28/2020 8:00,11/28/2020 8:00,11/28/2020 8:00
402,59Th6r1,11/29/2020 8:00,11/29/2020 8:00,11/29/2020 8:00
403,jQxZ6Pm,11/30/2020 8:00,11/30/2020 8:00,11/30/2020 8:00
404,BGPVQ02,12/1/2020 8:00,12/1/2020 8:00,12/1/2020 8:00
405,WHkxkxF,12/2/2020 8:00,12/2/2020 8:00,12/2/2020 8:00
406,AGyg7RJ,12/3/2020 8:00,12/3/2020 8:00,12/3/2020 8:00
407,uiNLl7v,12/4/2020 8:00,12/4/2020 8:00,12/4/2020 8:00
408,ejs6xZy,12/5/2020 8:00,12/5/2020 8:00,12/5/2020 8:00
409,f1vus7t,12/6/2020 8:00,12/6/2020 8:00,12/6/2020 8:00
410,TnTfx5n,12/7/2020 8:00,12/7/2020 8:00,12/7/2020 8:00
411,zLQCzmi,12/8/2020 8:00,12/8/2020 8:00,12/8/2020 8:00
412,hpSl9oJ,12/9/2020 8:00,12/9/2020 8:00,12/9/2020 8:00
413,QuRUVmY,12/10/2020 8:00,12/10/2020 8:00,12/10/2020 8:00
414,Aoi6dHp,12/11/2020 8:00,12/11/2020 8:00,12/11/2020 8:00
415,lgxELYt,12/12/2020 8:00,12/12/2020 8:00,12/12/2020 8:00
416,I0IfPIC,12/13/2020 8:00,12/13/2020 8:00,12/13/2020 8:00
417,Ryn6Aiv,12/14/2020 8:00,12/14/2020 8:00,12/14/2020 8:00
418,SBqIsTG,12/15/2020 8:00,12/15/2020 8:00,12/15/2020 8:00
419,edjqQzx,12/16/2020 8:00,12/16/2020 8:00,12/16/2020 8:00
420,42iPPjg,12/17/2020 8:00,12/17/2020 8:00,12/17/2020 8:00
421,HFchMVd,12/18/2020 8:00,12/18/2020 8:00,12/18/2020 8:00
422,sfPSUWv,12/19/2020 8:00,12/19/2020 8:00,12/19/2020 8:00
423,DBYzOLx,12/20/2020 8:00,12/20/2020 8:00,12/20/2020 8:00
424,P3zyBeZ,12/21/2020 8:00,12/21/2020 8:00,12/21/2020 8:00
425,XzF0GzT,12/22/2020 8:00,12/22/2020 8:00,12/22/2020 8:00
426,LoXVnD4,12/23/2020 8:00,12/23/2020 8:00,12/23/2020 8:00
427,LMtB9dS,12/24/2020 8:00,12/24/2020 8:00,12/24/2020 8:00
428,h6DIZ2X,12/25/2020 8:00,12/25/2020 8:00,12/25/2020 8:00
429,euelv6k,12/26/2020 8:00,12/26/2020 8:00,12/26/2020 8:00
430,yW4ZQxG,12/27/2020 8:00,12/27/2020 8:00,12/27/2020 8:00
431,5Q9Frns,12/28/2020 8:00,12/28/2020 8:00,12/28/2020 8:00
432,197FYei,12/29/2020 8:00,12/29/2020 8:00,12/29/2020 8:00
433,i6IVzEf,12/30/2020 8:00,12/30/2020 8:00,12/30/2020 8:00
434,puBeO2F,12/31/2020 8:00,12/31/2020 8:00,12/31/2020 8:00
435,cUTtc6Z,1/1/2021 8:00,1/1/2021 8:00,1/1/2021 8:00
436,4toaey8,1/2/2021 8:00,1/2/2021 8:00,1/2/2021 8:00
437,9BVX1Nn,1/3/2021 8:00,1/3/2021 8:00,1/3/2021 8:00
438,4AgWguK,1/4/2021 8:00,1/4/2021 8:00,1/4/2021 8:00
439,tnpWiKl,1/5/2021 8:00,1/5/2021 8:00,1/5/2021 8:00
440,UyjMgBY,1/6/2021 8:00,1/6/2021 8:00,1/6/2021 8:00
441,Uc2zHZv,1/7/2021 8:00,1/7/2021 8:00,1/7/2021 8:00
442,QYwfwq9,1/8/2021 8:00,1/8/2021 8:00,1/8/2021 8:00
443,9O94SyP,1/9/2021 8:00,1/9/2021 8:00,1/9/2021 8:00
444,Xl9cInB,1/10/2021 8:00,1/10/2021 8:00,1/10/2021 8:00
445,kEwn9n3,1/11/2021 8:00,1/11/2021 8:00,1/11/2021 8:00
446,pVgDxEF,1/12/2021 8:00,1/12/2021 8:00,1/12/2021 8:00
447,YpePAaU,1/13/2021 8:00,1/13/2021 8:00,1/13/2021 8:00
448,GQGdF3R,1/14/2021 8:00,1/14/2021 8:00,1/14/2021 8:00
449,DZWl5mf,1/15/2021 8:00,1/15/2021 8:00,1/15/2021 8:00
450,1vWJIPL,1/16/2021 8:00,1/16/2021 8:00,1/16/2021 8:00
451,NZa22bN,1/17/2021 8:00,1/17/2021 8:00,1/17/2021 8:00
452,tymgtRZ,1/18/2021 8:00,1/18/2021 8:00,1/18/2021 8:00
453,msEBZcT,1/19/2021 8:00,1/19/2021 8:00,1/19/2021 8:00
454,YSA00fS,1/20/2021 8:00,1/20/2021 8:00,1/20/2021 8:00
455,PeXrwNk,1/21/2021 8:00,1/21/2021 8:00,1/21/2021 8:00
456,5bYTC2T,1/22/2021 8:00,1/22/2021 8:00,1/22/2021 8:00
457,M6xUPDI,1/23/2021 8:00,1/23/2021 8:00,1/23/2021 8:00
458,BEuwiCc,1/24/2021 8:00,1/24/2021 8:00,1/24/2021 8:00
459,yrPFLI8,1/25/2021 8:00,1/25/2021 8:00,1/25/2021 8:00
460,IlBzMGw,1/26/2021 8:00,1/26/2021 8:00,1/26/2021 8:00
461,phyKOxN,1/27/2021 8:00,1/27/2021 8:00,1/27/2021 8:00
462,85agKqq,1/28/2021 8:00,1/28/2021 8:00,1/28/2021 8:00
463,H52Jf6W,1/29/2021 8:00,1/29/2021 8:00,1/29/2021 8:00
464,APi8TFo,1/30/2021 8:00,1/30/2021 8:00,1/30/2021 8:00
465,xdx5Gm1,1/31/2021 8:00,1/31/2021 8:00,1/31/2021 8:00
466,zmpLFDM,2/1/2021 8:00,2/1/2021 8:00,2/1/2021 8:00
467,y4KPxEj,2/2/2021 8:00,2/2/2021 8:00,2/2/2021 8:00
468,o0Wm5zk,2/3/2021 8:00,2/3/2021 8:00,2/3/2021 8:00
469,FMVGgbA,2/4/2021 8:00,2/4/2021 8:00,2/4/2021 8:00
470,ArLcovt,2/5/2021 8:00,2/5/2021 8:00,2/5/2021 8:00
471,QdETWMb,2/6/2021 8:00,2/6/2021 8:00,2/6/2021 8:00
472,qs5t5yM,2/7/2021 8:00,2/7/2021 8:00,2/7/2021 8:00
473,dmEQQ5M,2/8/2021 8:00,2/8/2021 8:00,2/8/2021 8:00
474,HpG9KmJ,2/9/2021 8:00,2/9/2021 8:00,2/9/2021 8:00
475,bt9VMi2,2/10/2021 8:00,2/10/2021 8:00,2/10/2021 8:00
476,u4VC8Ft,2/11/2021 8:00,2/11/2021 8:00,2/11/2021 8:00
477,b1Chexn,2/12/2021 8:00,2/12/2021 8:00,2/12/2021 8:00
478,zLZKm4a,2/13/2021 8:00,2/13/2021 8:00,2/13/2021 8:00
479,uHXYrH2,2/14/2021 8:00,2/14/2021 8:00,2/14/2021 8:00
480,ShEZHLi,2/15/2021 8:00,2/15/2021 8:00,2/15/2021 8:00
481,83xPpBC,2/16/2021 8:00,2/16/2021 8:00,2/16/2021 8:00
482,mdU9u79,2/17/2021 8:00,2/17/2021 8:00,2/17/2021 8:00
483,khyseW6,2/18/2021 8:00,2/18/2021 8:00,2/18/2021 8:00
484,mp51quY,2/19/2021 8:00,2/19/2021 8:00,2/19/2021 8:00
485,V4hcZlQ,2/20/2021 8:00,2/20/2021 8:00,2/20/2021 8:00
486,3IXq6XS,2/21/2021 8:00,2/21/2021 8:00,2/21/2021 8:00
487,X1wcNM5,2/22/2021 8:00,2/22/2021 8:00,2/22/2021 8:00
488,ZKfwdtL,2/23/2021 8:00,2/23/2021 8:00,2/23/2021 8:00
489,WM2RJtk,2/24/2021 8:00,2/24/2021 8:00,2/24/2021 8:00
490,Z8DDBrf,2/25/2021 8:00,2/25/2021 8:00,2/25/2021 8:00
491,TCbRIVV,2/26/2021 8:00,2/26/2021 8:00,2/26/2021 8:00
492,jJ1gxag,2/27/2021 8:00,2/27/2021 8:00,2/27/2021 8:00
493,Eko3cAe,2/28/2021 8:00,2/28/2021 8:00,2/28/2021 8:00
494,IbBZ0UQ,3/1/2021 8:00,3/1/2021 8:00,3/1/2021 8:00
495,Zjpu2IN,3/2/2021 8:00,3/2/2021 8:00,3/2/2021 8:00
496,Mrp691U,3/3/2021 8:00,3/3/2021 8:00,3/3/2021 8:00
497,p1Di6io,3/4/2021 8:00,3/4/2021 8:00,3/4/2021 8:00
498,ZiFRMrF,3/5/2021 8:00,3/5/2021 8:00,3/5/2021 8:00
499,LLMb7Ii,3/6/2021 8:00,3/6/2021 8:00,3/6/2021 8:00
500,tEYnl0O,3/7/2021 8:00,3/7/2021 8:00,3/7/2021 8:00
501,mukRcTi,3/8/2021 8:00,3/8/2021 8:00,3/8/2021 8:00
502,E5ryMAt,3/9/2021 8:00,3/9/2021 8:00,3/9/2021 8:00
503,m2FGKYG,3/10/2021 8:00,3/10/2021 8:00,3/10/2021 8:00
504,opIhUDA,3/11/2021 8:00,3/11/2021 8:00,3/11/2021 8:00
505,O6J4EEE,3/12/2021 8:00,3/12/2021 8:00,3/12/2021 8:00
506,0zx44F9,3/13/2021 8:00,3/13/2021 8:00,3/13/2021 8:00
507,Gc5LIV3,3/14/2021 8:00,3/14/2021 8:00,3/14/2021 8:00
508,FutRUHp,3/15/2021 8:00,3/15/2021 8:00,3/15/2021 8:00
509,BvH1kn1,3/16/2021 8:00,3/16/2021 8:00,3/16/2021 8:00
510,LO3Uvk7,3/17/2021 8:00,3/17/2021 8:00,3/17/2021 8:00
511,q8q7D4G,3/18/2021 8:00,3/18/2021 8:00,3/18/2021 8:00
512,NbB26gk,3/19/2021 8:00,3/19/2021 8:00,3/19/2021 8:00
513,gnRyPV8,3/20/2021 8:00,3/20/2021 8:00,3/20/2021 8:00
514,jGbzSs9,3/21/2021 8:00,3/21/2021 8:00,3/21/2021 8:00
515,igBgRFz,3/22/2021 8:00,3/22/2021 8:00,3/22/2021 8:00
516,hoRGTHs,3/23/2021 8:00,3/23/2021 8:00,3/23/2021 8:00
517,XeFomjy,3/24/2021 8:00,3/24/2021 8:00,3/24/2021 8:00
518,WyS7BSj,3/25/2021 8:00,3/25/2021 8:00,3/25/2021 8:00
519,Fh5qDdR,3/26/2021 8:00,3/26/2021 8:00,3/26/2021 8:00
520,MpBieYJ,3/27/2021 8:00,3/27/2021 8:00,3/27/2021 8:00
521,f3RwLcQ,3/28/2021 8:00,3/28/2021 8:00,3/28/2021 8:00
522,F2bxi8U,3/29/2021 8:00,3/29/2021 8:00,3/29/2021 8:00
523,Gd7ivBg,3/30/2021 8:00,3/30/2021 8:00,3/30/2021 8:00
524,Qmj4HQ1,3/31/2021 8:00,3/31/2021 8:00,3/31/2021 8:00
525,cup4Ubq,4/1/2021 8:00,4/1/2021 8:00,4/1/2021 8:00
526,0MwhR2D,4/2/2021 8:00,4/2/2021 8:00,4/2/2021 8:00
527,nwqBBvQ,4/3/2021 8:00,4/3/2021 8:00,4/3/2021 8:00
528,3dwrzPC,4/4/2021 8:00,4/4/2021 8:00,4/4/2021 8:00
529,fP4GGpV,4/5/2021 8:00,4/5/2021 8:00,4/5/2021 8:00
530,zTViDZ0,4/6/2021 8:00,4/6/2021 8:00,4/6/2021 8:00
531,m6nwcx1,4/7/2021 8:00,4/7/2021 8:00,4/7/2021 8:00
532,D9NHc7h,4/8/2021 8:00,4/8/2021 8:00,4/8/2021 8:00
533,zuMxal8,4/9/2021 8:00,4/9/2021 8:00,4/9/2021 8:00
534,MsEsEpj,4/10/2021 8:00,4/10/2021 8:00,4/10/2021 8:00
535,UR9dyb5,4/11/2021 8:00,4/11/2021 8:00,4/11/2021 8:00
536,VV6Upyu,4/12/2021 8:00,4/12/2021 8:00,4/12/2021 8:00
537,yDWfmK9,4/13/2021 8:00,4/13/2021 8:00,4/13/2021 8:00
538,5PY6P3W,4/14/2021 8:00,4/14/2021 8:00,4/14/2021 8:00
539,oSJe5TH,4/15/2021 8:00,4/15/2021 8:00,4/15/2021 8:00
540,hIFDNel,4/16/2021 8:00,4/16/2021 8:00,4/16/2021 8:00
541,kiGgR2m,4/17/2021 8:00,4/17/2021 8:00,4/17/2021 8:00
542,QLw2uj9,4/18/2021 8:00,4/18/2021 8:00,4/18/2021 8:00
543,BOlLVL2,4/19/2021 8:00,4/19/2021 8:00,4/19/2021 8:00
544,YBRXx9U,4/20/2021 8:00,4/20/2021 8:00,4/20/2021 8:00
545,wtEoHEa,4/21/2021 8:00,4/21/2021 8:00,4/21/2021 8:00
546,qYbGiBL,4/22/2021 8:00,4/22/2021 8:00,4/22/2021 8:00
547,arwmtVb,4/23/2021 8:00,4/23/2021 8:00,4/23/2021 8:00
548,SGX2Jpg,4/24/2021 8:00,4/24/2021 8:00,4/24/2021 8:00
549,pBZ52FI,4/25/2021 8:00,4/25/2021 8:00,4/25/2021 8:00
550,vlopNPn,4/26/2021 8:00,4/26/2021 8:00,4/26/2021 8:00
551,owHjAqg,4/27/2021 8:00,4/27/2021 8:00,4/27/2021 8:00
552,I09KcCV,4/28/2021 8:00,4/28/2021 8:00,4/28/2021 8:00
553,X1xvnOs,4/29/2021 8:00,4/29/2021 8:00,4/29/2021 8:00
554,ULXCExa,4/30/2021 8:00,4/30/2021 8:00,4/30/2021 8:00
555,Cp5u5Xj,5/1/2021 8:00,5/1/2021 8:00,5/1/2021 8:00
556,1021YSi,5/2/2021 8:00,5/2/2021 8:00,5/2/2021 8:00
557,WkReZPR,5/3/2021 8:00,5/3/2021 8:00,5/3/2021 8:00
558,uiZhUk9,5/4/2021 8:00,5/4/2021 8:00,5/4/2021 8:00
559,pUjwuBk,5/5/2021 8:00,5/5/2021 8:00,5/5/2021 8:00
560,y6IRv3X,5/6/2021 8:00,5/6/2021 8:00,5/6/2021 8:00
561,SS0UPph,5/7/2021 8:00,5/7/2021 8:00,5/7/2021 8:00
562,3PyB1r7,5/8/2021 8:00,5/8/2021 8:00,5/8/2021 8:00
563,52bBWTc,5/9/2021 8:00,5/9/2021 8:00,5/9/2021 8:00
564,YQ7wHD9,5/10/2021 8:00,5/10/2021 8:00,5/10/2021 8:00
565,7KJXlMf,5/11/2021 8:00,5/11/2021 8:00,5/11/2021 8:00
566,RrGeKQ4,5/12/2021 8:00,5/12/2021 8:00,5/12/2021 8:00
567,0Vro4Z7,5/13/2021 8:00,5/13/2021 8:00,5/13/2021 8:00
568,jOUtCKm,5/14/2021 8:00,5/14/2021 8:00,5/14/2021 8:00
569,XjQ1vB9,5/15/2021 8:00,5/15/2021 8:00,5/15/2021 8:00
570,sHqf3Zo,5/16/2021 8:00,5/16/2021 8:00,5/16/2021 8:00
571,fp9QVRx,5/17/2021 8:00,5/17/2021 8:00,5/17/2021 8:00
572,8KpufAa,5/18/2021 8:00,5/18/2021 8:00,5/18/2021 8:00
573,G3fRPfa,5/19/2021 8:00,5/19/2021 8:00,5/19/2021 8:00
574,jVgxx25,5/20/2021 8:00,5/20/2021 8:00,5/20/2021 8:00
575,i6G1PWv,5/21/2021 8:00,5/21/2021 8:00,5/21/2021 8:00
576,GCeZrTY,5/22/2021 8:00,5/22/2021 8:00,5/22/2021 8:00
577,MtahsO0,5/23/2021 8:00,5/23/2021 8:00,5/23/2021 8:00
578,C5rKXf6,5/24/2021 8:00,5/24/2021 8:00,5/24/2021 8:00
579,K67qjP5,5/25/2021 8:00,5/25/2021 8:00,5/25/2021 8:00
580,aeGxyY9,5/26/2021 8:00,5/26/2021 8:00,5/26/2021 8:00
581,hRzc3Bw,5/27/2021 8:00,5/27/2021 8:00,5/27/2021 8:00
582,wW8iKQC,5/28/2021 8:00,5/28/2021 8:00,5/28/2021 8:00
583,SdktD38,5/29/2021 8:00,5/29/2021 8:00,5/29/2021 8:00
584,LktmBMg,5/30/2021 8:00,5/30/2021 8:00,5/30/2021 8:00
585,fX9i5yd,5/31/2021 8:00,5/31/2021 8:00,5/31/2021 8:00
586,VwhYMVp,6/1/2021 8:00,6/1/2021 8:00,6/1/2021 8:00
587,HStm4TA,6/2/2021 8:00,6/2/2021 8:00,6/2/2021 8:00
588,57X6ikW,6/3/2021 8:00,6/3/2021 8:00,6/3/2021 8:00
589,FLK6TUe,6/4/2021 8:00,6/4/2021 8:00,6/4/2021 8:00
590,8yJ2fTE,6/5/2021 8:00,6/5/2021 8:00,6/5/2021 8:00
591,7bZv9pb,6/6/2021 8:00,6/6/2021 8:00,6/6/2021 8:00
592,NO1mxLS,6/7/2021 8:00,6/7/2021 8:00,6/7/2021 8:00
593,UpiQEiW,6/8/2021 8:00,6/8/2021 8:00,6/8/2021 8:00
594,tvzSQsV,6/9/2021 8:00,6/9/2021 8:00,6/9/2021 8:00
595,KsyqzXj,6/10/2021 8:00,6/10/2021 8:00,6/10/2021 8:00
596,kUGJJar,6/11/2021 8:00,6/11/2021 8:00,6/11/2021 8:00
597,cev7kPi,6/12/2021 8:00,6/12/2021 8:00,6/12/2021 8:00
598,1XPk1QL,6/13/2021 8:00,6/13/2021 8:00,6/13/2021 8:00
599,nNJOUfC,6/14/2021 8:00,6/14/2021 8:00,6/14/2021 8:00
600,ATWEosT,6/15/2021 8:00,6/15/2021 8:00,6/15/2021 8:00
601,EFr3Q3O,6/16/2021 8:00,6/16/2021 8:00,6/16/2021 8:00
602,3j3cSd3,6/17/2021 8:00,6/17/2021 8:00,6/17/2021 8:00
603,V8Q88tn,6/18/2021 8:00,6/18/2021 8:00,6/18/2021 8:00
604,bekKwaB,6/19/2021 8:00,6/19/2021 8:00,6/19/2021 8:00
605,XwdtjlX,6/20/2021 8:00,6/20/2021 8:00,6/20/2021 8:00
606,YYjN5Qy,6/21/2021 8:00,6/21/2021 8:00,6/21/2021 8:00
607,FHeduR4,6/22/2021 8:00,6/22/2021 8:00,6/22/2021 8:00
608,veBKXzj,6/23/2021 8:00,6/23/2021 8:00,6/23/2021 8:00
609,DMfCd2S,6/24/2021 8:00,6/24/2021 8:00,6/24/2021 8:00
610,Qca9Cs6,6/25/2021 8:00,6/25/2021 8:00,6/25/2021 8:00
611,Xt5EIW7,6/26/2021 8:00,6/26/2021 8:00,6/26/2021 8:00
612,1NFAtDN,6/27/2021 8:00,6/27/2021 8:00,6/27/2021 8:00
613,B8n4NEo,6/28/2021 8:00,6/28/2021 8:00,6/28/2021 8:00
614,DV1Ii43,6/29/2021 8:00,6/29/2021 8:00,6/29/2021 8:00
615,0nHhTEz,6/30/2021 8:00,6/30/2021 8:00,6/30/2021 8:00
616,XCr3x1m,7/1/2021 8:00,7/1/2021 8:00,7/1/2021 8:00
617,xiVTd1n,7/2/2021 8:00,7/2/2021 8:00,7/2/2021 8:00
618,3l4ZAzu,7/3/2021 8:00,7/3/2021 8:00,7/3/2021 8:00
619,rgMFsH9,7/4/2021 8:00,7/4/2021 8:00,7/4/2021 8:00
620,O0KRlM0,7/5/2021 8:00,7/5/2021 8:00,7/5/2021 8:00
621,TVcudOK,7/6/2021 8:00,7/6/2021 8:00,7/6/2021 8:00
622,KmEG5VJ,7/7/2021 8:00,7/7/2021 8:00,7/7/2021 8:00
623,kqAbQ7P,7/8/2021 8:00,7/8/2021 8:00,7/8/2021 8:00
624,suYwekk,7/9/2021 8:00,7/9/2021 8:00,7/9/2021 8:00
625,ddRNhfY,7/10/2021 8:00,7/10/2021 8:00,7/10/2021 8:00
626,OrquZ2V,7/11/2021 8:00,7/11/2021 8:00,7/11/2021 8:00
627,HLk5LNH,7/12/2021 8:00,7/12/2021 8:00,7/12/2021 8:00
628,gVWNZ1R,7/13/2021 8:00,7/13/2021 8:00,7/13/2021 8:00
629,vefn0rn,7/14/2021 8:00,7/14/2021 8:00,7/14/2021 8:00
630,KbT1Qlt,7/15/2021 8:00,7/15/2021 8:00,7/15/2021 8:00
631,Qle7TnF,7/16/2021 8:00,7/16/2021 8:00,7/16/2021 8:00
632,5KJL3I9,7/17/2021 8:00,7/17/2021 8:00,7/17/2021 8:00
633,WgTN3vU,7/18/2021 8:00,7/18/2021 8:00,7/18/2021 8:00
634,rDNbpXn,7/19/2021 8:00,7/19/2021 8:00,7/19/2021 8:00
635,etegHyb,7/20/2021 8:00,7/20/2021 8:00,7/20/2021 8:00
636,LJNOTDy,7/21/2021 8:00,7/21/2021 8:00,7/21/2021 8:00
637,8QSXnkb,7/22/2021 8:00,7/22/2021 8:00,7/22/2021 8:00
638,R7zgZfq,7/23/2021 8:00,7/23/2021 8:00,7/23/2021 8:00
639,B8c8Qcz,7/24/2021 8:00,7/24/2021 8:00,7/24/2021 8:00
640,ZrfzSf8,7/25/2021 8:00,7/25/2021 8:00,7/25/2021 8:00
641,XShzS6A,7/26/2021 8:00,7/26/2021 8:00,7/26/2021 8:00
642,cHPGi4K,7/27/2021 8:00,7/27/2021 8:00,7/27/2021 8:00
643,C60JeBV,7/28/2021 8:00,7/28/2021 8:00,7/28/2021 8:00
644,ft5vuHD,7/29/2021 8:00,7/29/2021 8:00,7/29/2021 8:00
645,5ryuRBH,7/30/2021 8:00,7/30/2021 8:00,7/30/2021 8:00
646,HX0Z8ke,7/31/2021 8:00,7/31/2021 8:00,7/31/2021 8:00
647,BHtOfgA,8/1/2021 8:00,8/1/2021 8:00,8/1/2021 8:00
648,LH4nVyU,8/2/2021 8:00,8/2/2021 8:00,8/2/2021 8:00
649,YU2pKQM,8/3/2021 8:00,8/3/2021 8:00,8/3/2021 8:00
650,xgQA4Lx,8/4/2021 8:00,8/4/2021 8:00,8/4/2021 8:00
651,JyHuKP7,8/5/2021 8:00,8/5/2021 8:00,8/5/2021 8:00
652,mRUhqVS,8/6/2021 8:00,8/6/2021 8:00,8/6/2021 8:00
653,dS9eJbm,8/7/2021 8:00,8/7/2021 8:00,8/7/2021 8:00
654,ZM6j7IH,8/8/2021 8:00,8/8/2021 8:00,8/8/2021 8:00
655,qlh9wAF,8/9/2021 8:00,8/9/2021 8:00,8/9/2021 8:00
656,i5hUtNb,8/10/2021 8:00,8/10/2021 8:00,8/10/2021 8:00
657,9puANSp,8/11/2021 8:00,8/11/2021 8:00,8/11/2021 8:00
658,L8s1f7K,8/12/2021 8:00,8/12/2021 8:00,8/12/2021 8:00
659,pm4AWOD,8/13/2021 8:00,8/13/2021 8:00,8/13/2021 8:00
660,SwfS0fh,8/14/2021 8:00,8/14/2021 8:00,8/14/2021 8:00
661,I4tj11H,8/15/2021 8:00,8/15/2021 8:00,8/15/2021 8:00
662,rVZyekZ,8/16/2021 8:00,8/16/2021 8:00,8/16/2021 8:00
663,A2tLxkt,8/17/2021 8:00,8/17/2021 8:00,8/17/2021 8:00
664,pE1lThb,8/18/2021 8:00,8/18/2021 8:00,8/18/2021 8:00
665,UT8LDo6,8/19/2021 8:00,8/19/2021 8:00,8/19/2021 8:00
666,7bxDjvF,8/20/2021 8:00,8/20/2021 8:00,8/20/2021 8:00
667,eAG0c8h,8/21/2021 8:00,8/21/2021 8:00,8/21/2021 8:00
668,AajwDxn,8/22/2021 8:00,8/22/2021 8:00,8/22/2021 8:00
669,gJzCZHT,8/23/2021 8:00,8/23/2021 8:00,8/23/2021 8:00
670,cqlzaeE,8/24/2021 8:00,8/24/2021 8:00,8/24/2021 8:00
671,U5S5S8I,8/25/2021 8:00,8/25/2021 8:00,8/25/2021 8:00
672,Cnqmg42,8/26/2021 8:00,8/26/2021 8:00,8/26/2021 8:00
673,GjKNVQi,8/27/2021 8:00,8/27/2021 8:00,8/27/2021 8:00
674,13RfwMO,8/28/2021 8:00,8/28/2021 8:00,8/28/2021 8:00
675,aFkobRu,8/29/2021 8:00,8/29/2021 8:00,8/29/2021 8:00
676,RVrH93v,8/30/2021 8:00,8/30/2021 8:00,8/30/2021 8:00
677,KN4ABIP,8/31/2021 8:00,8/31/2021 8:00,8/31/2021 8:00
678,yDrN635,9/1/2021 8:00,9/1/2021 8:00,9/1/2021 8:00
679,M9JxWEq,9/2/2021 8:00,9/2/2021 8:00,9/2/2021 8:00
680,oWedLNs,9/3/2021 8:00,9/3/2021 8:00,9/3/2021 8:00
681,82ntBuP,9/4/2021 8:00,9/4/2021 8:00,9/4/2021 8:00
682,r6SpFKW,9/5/2021 8:00,9/5/2021 8:00,9/5/2021 8:00
683,vLFbQmK,9/6/2021 8:00,9/6/2021 8:00,9/6/2021 8:00
684,AQvbUgF,9/7/2021 8:00,9/7/2021 8:00,9/7/2021 8:00
685,wAJOyP4,9/8/2021 8:00,9/8/2021 8:00,9/8/2021 8:00
686,PN8LWmO,9/9/2021 8:00,9/9/2021 8:00,9/9/2021 8:00
687,9nMPVuN,9/10/2021 8:00,9/10/2021 8:00,9/10/2021 8:00
688,2e7rhmA,9/11/2021 8:00,9/11/2021 8:00,9/11/2021 8:00
689,tpB0rPY,9/12/2021 8:00,9/12/2021 8:00,9/12/2021 8:00
690,xnMrJH5,9/13/2021 8:00,9/13/2021 8:00,9/13/2021 8:00
691,riV0Vpl,9/14/2021 8:00,9/14/2021 8:00,9/14/2021 8:00
692,ThFwTUc,9/15/2021 8:00,9/15/2021 8:00,9/15/2021 8:00
693,aYO2mIQ,9/16/2021 8:00,9/16/2021 8:00,9/16/2021 8:00
694,OLbKTlU,9/17/2021 8:00,9/17/2021 8:00,9/17/2021 8:00
695,F5VLs6a,9/18/2021 8:00,9/18/2021 8:00,9/18/2021 8:00
696,OW3azE8,9/19/2021 8:00,9/19/2021 8:00,9/19/2021 8:00
697,vjlDkyo,9/20/2021 8:00,9/20/2021 8:00,9/20/2021 8:00
698,jnCdZho,9/21/2021 8:00,9/21/2021 8:00,9/21/2021 8:00
699,9rDtDDl,9/22/2021 8:00,9/22/2021 8:00,9/22/2021 8:00
700,c0wHIGX,9/23/2021 8:00,9/23/2021 8:00,9/23/2021 8:00
701,9lXunuf,9/24/2021 8:00,9/24/2021 8:00,9/24/2021 8:00
702,bCxYdrT,9/25/2021 8:00,9/25/2021 8:00,9/25/2021 8:00
703,gfMePmG,9/26/2021 8:00,9/26/2021 8:00,9/26/2021 8:00
704,IZz5hOv,9/27/2021 8:00,9/27/2021 8:00,9/27/2021 8:00
705,yTFYLkb,9/28/2021 8:00,9/28/2021 8:00,9/28/2021 8:00
706,zhxLRe1,9/29/2021 8:00,9/29/2021 8:00,9/29/2021 8:00
707,PdwyNRO,9/30/2021 8:00,9/30/2021 8:00,9/30/2021 8:00
708,9RZYEvU,10/1/2021 8:00,10/1/2021 8:00,10/1/2021 8:00
709,MrvDL75,10/2/2021 8:00,10/2/2021 8:00,10/2/2021 8:00
710,cLEeQoF,10/3/2021 8:00,10/3/2021 8:00,10/3/2021 8:00
711,cDuczVC,10/4/2021 8:00,10/4/2021 8:00,10/4/2021 8:00
712,ibOCyqu,10/5/2021 8:00,10/5/2021 8:00,10/5/2021 8:00
713,zvTQE4D,10/6/2021 8:00,10/6/2021 8:00,10/6/2021 8:00
714,eec9ixY,10/7/2021 8:00,10/7/2021 8:00,10/7/2021 8:00
715,5Rpvvdf,10/8/2021 8:00,10/8/2021 8:00,10/8/2021 8:00
716,Kzp9v72,10/9/2021 8:00,10/9/2021 8:00,10/9/2021 8:00
717,zry6JmZ,10/10/2021 8:00,10/10/2021 8:00,10/10/2021 8:00
718,ST1x0dN,10/11/2021 8:00,10/11/2021 8:00,10/11/2021 8:00
719,vXquU9I,10/12/2021 8:00,10/12/2021 8:00,10/12/2021 8:00
720,mwv3OUr,10/13/2021 8:00,10/13/2021 8:00,10/13/2021 8:00
721,QVJozRH,10/14/2021 8:00,10/14/2021 8:00,10/14/2021 8:00
722,yBb3t01,10/15/2021 8:00,10/15/2021 8:00,10/15/2021 8:00
723,IzN8oVo,10/16/2021 8:00,10/16/2021 8:00,10/16/2021 8:00
724,2masD9M,10/17/2021 8:00,10/17/2021 8:00,10/17/2021 8:00
725,g4MXOGU,10/18/2021 8:00,10/18/2021 8:00,10/18/2021 8:00
726,wR0qyiG,10/19/2021 8:00,10/19/2021 8:00,10/19/2021 8:00
727,0OwhiIS,10/20/2021 8:00,10/20/2021 8:00,10/20/2021 8:00
728,SCTgQdG,10/21/2021 8:00,10/21/2021 8:00,10/21/2021 8:00
729,14AbMVf,10/22/2021 8:00,10/22/2021 8:00,10/22/2021 8:00
730,taZMBvK,10/23/2021 8:00,10/23/2021 8:00,10/23/2021 8:00
731,Mtw9N71,10/24/2021 8:00,10/24/2021 8:00,10/24/2021 8:00
732,O05fpOv,10/25/2021 8:00,10/25/2021 8:00,10/25/2021 8:00
733,QqaVgGt,10/26/2021 8:00,10/26/2021 8:00,10/26/2021 8:00
734,yJ5vyXf,10/27/2021 8:00,10/27/2021 8:00,10/27/2021 8:00
735,KElDcR3,10/28/2021 8:00,10/28/2021 8:00,10/28/2021 8:00
736,wnJCfmA,10/29/2021 8:00,10/29/2021 8:00,10/29/2021 8:00
737,sGT6ey6,10/30/2021 8:00,10/30/2021 8:00,10/30/2021 8:00
738,JWq6Z78,10/31/2021 8:00,10/31/2021 8:00,10/31/2021 8:00
739,rLodGo5,11/1/2021 8:00,11/1/2021 8:00,11/1/2021 8:00
740,aXaCP7A,11/2/2021 8:00,11/2/2021 8:00,11/2/2021 8:00
741,Kqa5W9S,11/3/2021 8:00,11/3/2021 8:00,11/3/2021 8:00
742,hgpz6l1,11/4/2021 8:00,11/4/2021 8:00,11/4/2021 8:00
743,GwZXiFU,11/5/2021 8:00,11/5/2021 8:00,11/5/2021 8:00
744,NS4ZNHn,11/6/2021 8:00,11/6/2021 8:00,11/6/2021 8:00
745,OQIl7oR,11/7/2021 8:00,11/7/2021 8:00,11/7/2021 8:00
746,ZcFN7DT,11/8/2021 8:00,11/8/2021 8:00,11/8/2021 8:00
747,ZpkVhOU,11/9/2021 8:00,11/9/2021 8:00,11/9/2021 8:00
748,DBGqA1s,11/10/2021 8:00,11/10/2021 8:00,11/10/2021 8:00
749,HuQx8jw,11/11/2021 8:00,11/11/2021 8:00,11/11/2021 8:00
750,YcchjnQ,11/12/2021 8:00,11/12/2021 8:00,11/12/2021 8:00
751,S1viIG8,11/13/2021 8:00,11/13/2021 8:00,11/13/2021 8:00
752,ZNZmae7,11/14/2021 8:00,11/14/2021 8:00,11/14/2021 8:00
753,Lbkgnl3,11/15/2021 8:00,11/15/2021 8:00,11/15/2021 8:00
754,HMZs6Rc,11/16/2021 8:00,11/16/2021 8:00,11/16/2021 8:00
755,nkZE6SF,11/17/2021 8:00,11/17/2021 8:00,11/17/2021 8:00
756,Wr9wO6R,11/18/2021 8:00,11/18/2021 8:00,11/18/2021 8:00
757,XSuqYze,11/19/2021 8:00,11/19/2021 8:00,11/19/2021 8:00
758,JQzHGwH,11/20/2021 8:00,11/20/2021 8:00,11/20/2021 8:00
759,GvOc6Zw,11/21/2021 8:00,11/21/2021 8:00,11/21/2021 8:00
760,Oz50I1w,11/22/2021 8:00,11/22/2021 8:00,11/22/2021 8:00
761,Z7xb4cW,11/23/2021 8:00,11/23/2021 8:00,11/23/2021 8:00
762,hAeA8Vq,11/24/2021 8:00,11/24/2021 8:00,11/24/2021 8:00
763,2WZb98q,11/25/2021 8:00,11/25/2021 8:00,11/25/2021 8:00
764,eECiOCU,11/26/2021 8:00,11/26/2021 8:00,11/26/2021 8:00
765,MvUPTZm,11/27/2021 8:00,11/27/2021 8:00,11/27/2021 8:00
766,alBpPd1,11/28/2021 8:00,11/28/2021 8:00,11/28/2021 8:00
767,SjDaImo,11/29/2021 8:00,11/29/2021 8:00,11/29/2021 8:00
768,u0XBWR8,11/30/2021 8:00,11/30/2021 8:00,11/30/2021 8:00
769,adO02wn,12/1/2021 8:00,12/1/2021 8:00,12/1/2021 8:00
770,ZvJvtHJ,12/2/2021 8:00,12/2/2021 8:00,12/2/2021 8:00
771,g8I2Dfh,12/3/2021 8:00,12/3/2021 8:00,12/3/2021 8:00
772,Uibs2d5,12/4/2021 8:00,12/4/2021 8:00,12/4/2021 8:00
773,ukCjU9q,12/5/2021 8:00,12/5/2021 8:00,12/5/2021 8:00
774,Bpsg3HJ,12/6/2021 8:00,12/6/2021 8:00,12/6/2021 8:00
775,JUWReXJ,12/7/2021 8:00,12/7/2021 8:00,12/7/2021 8:00
776,i6vFRSk,12/8/2021 8:00,12/8/2021 8:00,12/8/2021 8:00
777,nGg1Hm9,12/9/2021 8:00,12/9/2021 8:00,12/9/2021 8:00
778,50vTqhh,12/10/2021 8:00,12/10/2021 8:00,12/10/2021 8:00
779,GEYujSj,12/11/2021 8:00,12/11/2021 8:00,12/11/2021 8:00
780,pkojhGw,12/12/2021 8:00,12/12/2021 8:00,12/12/2021 8:00
781,q7QyWw6,12/13/2021 8:00,12/13/2021 8:00,12/13/2021 8:00
782,26ccCjA,12/14/2021 8:00,12/14/2021 8:00,12/14/2021 8:00
783,syJMTHT,12/15/2021 8:00,12/15/2021 8:00,12/15/2021 8:00
784,bqtwoPh,12/16/2021 8:00,12/16/2021 8:00,12/16/2021 8:00
785,1c8Zmwk,12/17/2021 8:00,12/17/2021 8:00,12/17/2021 8:00
786,gnBgSye,12/18/2021 8:00,12/18/2021 8:00,12/18/2021 8:00
787,ZrtZlEt,12/19/2021 8:00,12/19/2021 8:00,12/19/2021 8:00
788,gylNm5A,12/20/2021 8:00,12/20/2021 8:00,12/20/2021 8:00
789,9BTbnhe,12/21/2021 8:00,12/21/2021 8:00,12/21/2021 8:00
790,puCRjgD,12/22/2021 8:00,12/22/2021 8:00,12/22/2021 8:00
791,DILRqm0,12/23/2021 8:00,12/23/2021 8:00,12/23/2021 8:00
792,JbMPZAZ,12/24/2021 8:00,12/24/2021 8:00,12/24/2021 8:00
793,z4d9QvP,12/25/2021 8:00,12/25/2021 8:00,12/25/2021 8:00
794,kFp3F5u,12/26/2021 8:00,12/26/2021 8:00,12/26/2021 8:00
795,yBtxsQY,12/27/2021 8:00,12/27/2021 8:00,12/27/2021 8:00
796,332mTsh,12/28/2021 8:00,12/28/2021 8:00,12/28/2021 8:00
797,VqeG1VU,12/29/2021 8:00,12/29/2021 8:00,12/29/2021 8:00
798,Xl60Wcf,12/30/2021 8:00,12/30/2021 8:00,12/30/2021 8:00
799,0bBgbRN,12/31/2021 8:00,12/31/2021 8:00,12/31/2021 8:00
800,YYpDE3t,1/1/2022 8:00,1/1/2022 8:00,1/1/2022 8:00
801,fbo3wbV,1/2/2022 8:00,1/2/2022 8:00,1/2/2022 8:00
802,riEtqKv,1/3/2022 8:00,1/3/2022 8:00,1/3/2022 8:00
803,A4uBrJD,1/4/2022 8:00,1/4/2022 8:00,1/4/2022 8:00
804,3R2nJ8g,1/5/2022 8:00,1/5/2022 8:00,1/5/2022 8:00
805,q9GBAji,1/6/2022 8:00,1/6/2022 8:00,1/6/2022 8:00
806,VfzaeP9,1/7/2022 8:00,1/7/2022 8:00,1/7/2022 8:00
807,aqAICtg,1/8/2022 8:00,1/8/2022 8:00,1/8/2022 8:00
808,opQZ5GL,1/9/2022 8:00,1/9/2022 8:00,1/9/2022 8:00
809,5J16dHw,1/10/2022 8:00,1/10/2022 8:00,1/10/2022 8:00
810,d5sprWR,1/11/2022 8:00,1/11/2022 8:00,1/11/2022 8:00
811,bS01QnM,1/12/2022 8:00,1/12/2022 8:00,1/12/2022 8:00
812,MFjGKKs,1/13/2022 8:00,1/13/2022 8:00,1/13/2022 8:00
813,GP5P3m0,1/14/2022 8:00,1/14/2022 8:00,1/14/2022 8:00
814,u1KC5hX,1/15/2022 8:00,1/15/2022 8:00,1/15/2022 8:00
815,uvKVAQ0,1/16/2022 8:00,1/16/2022 8:00,1/16/2022 8:00
816,OhaRmSu,1/17/2022 8:00,1/17/2022 8:00,1/17/2022 8:00
817,HNnT5vK,1/18/2022 8:00,1/18/2022 8:00,1/18/2022 8:00
818,849vZO9,1/19/2022 8:00,1/19/2022 8:00,1/19/2022 8:00
819,kq2fiRB,1/20/2022 8:00,1/20/2022 8:00,1/20/2022 8:00
820,mmeivdl,1/21/2022 8:00,1/21/2022 8:00,1/21/2022 8:00
821,NMSrHKp,1/22/2022 8:00,1/22/2022 8:00,1/22/2022 8:00
822,gTKzdS5,1/23/2022 8:00,1/23/2022 8:00,1/23/2022 8:00
823,7D1E1jq,1/24/2022 8:00,1/24/2022 8:00,1/24/2022 8:00
824,M64hRvh,1/25/2022 8:00,1/25/2022 8:00,1/25/2022 8:00
825,qPRlZaV,1/26/2022 8:00,1/26/2022 8:00,1/26/2022 8:00
826,6qdZidz,1/27/2022 8:00,1/27/2022 8:00,1/27/2022 8:00
827,8a0Z6Ik,1/28/2022 8:00,1/28/2022 8:00,1/28/2022 8:00
828,oOnUD7h,1/29/2022 8:00,1/29/2022 8:00,1/29/2022 8:00
829,RbUOhAx,1/30/2022 8:00,1/30/2022 8:00,1/30/2022 8:00
830,sZ6jqYS,1/31/2022 8:00,1/31/2022 8:00,1/31/2022 8:00
831,2iqJgpt,2/1/2022 8:00,2/1/2022 8:00,2/1/2022 8:00
832,Iutuddd,2/2/2022 8:00,2/2/2022 8:00,2/2/2022 8:00
833,7weADkv,2/3/2022 8:00,2/3/2022 8:00,2/3/2022 8:00
834,FTDLT1v,2/4/2022 8:00,2/4/2022 8:00,2/4/2022 8:00
835,zuOWeEo,2/5/2022 8:00,2/5/2022 8:00,2/5/2022 8:00
836,YpLti8q,2/6/2022 8:00,2/6/2022 8:00,2/6/2022 8:00
837,vKPiMmE,2/7/2022 8:00,2/7/2022 8:00,2/7/2022 8:00
838,Q22JtMF,2/8/2022 8:00,2/8/2022 8:00,2/8/2022 8:00
839,3JbtCNe,2/9/2022 8:00,2/9/2022 8:00,2/9/2022 8:00
840,U3jEls5,2/10/2022 8:00,2/10/2022 8:00,2/10/2022 8:00
841,8gmi9LQ,2/11/2022 8:00,2/11/2022 8:00,2/11/2022 8:00
842,VlgIDjj,2/12/2022 8:00,2/12/2022 8:00,2/12/2022 8:00
843,KpLISWp,2/13/2022 8:00,2/13/2022 8:00,2/13/2022 8:00
844,GjcySr5,2/14/2022 8:00,2/14/2022 8:00,2/14/2022 8:00
845,yPORNQy,2/15/2022 8:00,2/15/2022 8:00,2/15/2022 8:00
846,3dJ8b0h,2/16/2022 8:00,2/16/2022 8:00,2/16/2022 8:00
847,yuLaRHO,2/17/2022 8:00,2/17/2022 8:00,2/17/2022 8:00
848,GJzeiAC,2/18/2022 8:00,2/18/2022 8:00,2/18/2022 8:00
849,t29267c,2/19/2022 8:00,2/19/2022 8:00,2/19/2022 8:00
850,OrIWERf,2/20/2022 8:00,2/20/2022 8:00,2/20/2022 8:00
851,QQGtFw4,2/21/2022 8:00,2/21/2022 8:00,2/21/2022 8:00
852,8jnLNXf,2/22/2022 8:00,2/22/2022 8:00,2/22/2022 8:00
853,0NaEtzN,2/23/2022 8:00,2/23/2022 8:00,2/23/2022 8:00
854,oSWNPiD,2/24/2022 8:00,2/24/2022 8:00,2/24/2022 8:00
855,6ZtKcqR,2/25/2022 8:00,2/25/2022 8:00,2/25/2022 8:00
856,ntjB22n,2/26/2022 8:00,2/26/2022 8:00,2/26/2022 8:00
857,YcsUu69,2/27/2022 8:00,2/27/2022 8:00,2/27/2022 8:00
858,J12M9JN,2/28/2022 8:00,2/28/2022 8:00,2/28/2022 8:00
859,aDJibLM,3/1/2022 8:00,3/1/2022 8:00,3/1/2022 8:00
860,6tWnIKs,3/2/2022 8:00,3/2/2022 8:00,3/2/2022 8:00
861,s7gj5B3,3/3/2022 8:00,3/3/2022 8:00,3/3/2022 8:00
862,X75Kxw5,3/4/2022 8:00,3/4/2022 8:00,3/4/2022 8:00
863,oPZrsjP,3/5/2022 8:00,3/5/2022 8:00,3/5/2022 8:00
864,043AkUB,3/6/2022 8:00,3/6/2022 8:00,3/6/2022 8:00
865,srl7H50,3/7/2022 8:00,3/7/2022 8:00,3/7/2022 8:00
866,34lmzSe,3/8/2022 8:00,3/8/2022 8:00,3/8/2022 8:00
867,J9dk3V1,3/9/2022 8:00,3/9/2022 8:00,3/9/2022 8:00
868,ldkva2A,3/10/2022 8:00,3/10/2022 8:00,3/10/2022 8:00
869,Hxb6Cig,3/11/2022 8:00,3/11/2022 8:00,3/11/2022 8:00
870,1gvLym3,3/12/2022 8:00,3/12/2022 8:00,3/12/2022 8:00
871,OahzZU1,3/13/2022 8:00,3/13/2022 8:00,3/13/2022 8:00
872,xiR7goK,3/14/2022 8:00,3/14/2022 8:00,3/14/2022 8:00
873,h5WZN8l,3/15/2022 8:00,3/15/2022 8:00,3/15/2022 8:00
874,5wOTpKx,3/16/2022 8:00,3/16/2022 8:00,3/16/2022 8:00
875,ZrkQQRZ,3/17/2022 8:00,3/17/2022 8:00,3/17/2022 8:00
876,9Lia6XQ,3/18/2022 8:00,3/18/2022 8:00,3/18/2022 8:00
877,9y4Gj9C,3/19/2022 8:00,3/19/2022 8:00,3/19/2022 8:00
878,bo3pvjU,3/20/2022 8:00,3/20/2022 8:00,3/20/2022 8:00
879,Wvj2BiM,3/21/2022 8:00,3/21/2022 8:00,3/21/2022 8:00
880,ESm0A0x,3/22/2022 8:00,3/22/2022 8:00,3/22/2022 8:00
881,0YUzMui,3/23/2022 8:00,3/23/2022 8:00,3/23/2022 8:00
882,kj7FY7b,3/24/2022 8:00,3/24/2022 8:00,3/24/2022 8:00
883,G4nbow1,3/25/2022 8:00,3/25/2022 8:00,3/25/2022 8:00
884,roX9px9,3/26/2022 8:00,3/26/2022 8:00,3/26/2022 8:00
885,6BgbHLG,3/27/2022 8:00,3/27/2022 8:00,3/27/2022 8:00
886,AmQpt0o,3/28/2022 8:00,3/28/2022 8:00,3/28/2022 8:00
887,FTw356X,3/29/2022 8:00,3/29/2022 8:00,3/29/2022 8:00
888,J7PGKnD,3/30/2022 8:00,3/30/2022 8:00,3/30/2022 8:00
889,RWlNSNF,3/31/2022 8:00,3/31/2022 8:00,3/31/2022 8:00
890,eeUxd5D,4/1/2022 8:00,4/1/2022 8:00,4/1/2022 8:00
891,B1dbJsb,4/2/2022 8:00,4/2/2022 8:00,4/2/2022 8:00
892,v7kOl9K,4/3/2022 8:00,4/3/2022 8:00,4/3/2022 8:00
893,H0OCxUB,4/4/2022 8:00,4/4/2022 8:00,4/4/2022 8:00
894,1nsdwEn,4/5/2022 8:00,4/5/2022 8:00,4/5/2022 8:00
895,eZ1r9Fl,4/6/2022 8:00,4/6/2022 8:00,4/6/2022 8:00
896,CbWD1H8,4/7/2022 8:00,4/7/2022 8:00,4/7/2022 8:00
897,o6R8U1f,4/8/2022 8:00,4/8/2022 8:00,4/8/2022 8:00
898,Kw10ZtL,4/9/2022 8:00,4/9/2022 8:00,4/9/2022 8:00
899,YIcQ3H4,4/10/2022 8:00,4/10/2022 8:00,4/10/2022 8:00
900,xfcU3Px,4/11/2022 8:00,4/11/2022 8:00,4/11/2022 8:00
901,AKhFt6N,4/12/2022 8:00,4/12/2022 8:00,4/12/2022 8:00
902,JQeezkq,4/13/2022 8:00,4/13/2022 8:00,4/13/2022 8:00
903,e8yt5lh,4/14/2022 8:00,4/14/2022 8:00,4/14/2022 8:00
904,eJHt04Y,4/15/2022 8:00,4/15/2022 8:00,4/15/2022 8:00
905,dP2qKqQ,4/16/2022 8:00,4/16/2022 8:00,4/16/2022 8:00
906,eGOzfEr,4/17/2022 8:00,4/17/2022 8:00,4/17/2022 8:00
907,2rnWl4G,4/18/2022 8:00,4/18/2022 8:00,4/18/2022 8:00
908,nc8o0FF,4/19/2022 8:00,4/19/2022 8:00,4/19/2022 8:00
909,G5BBdM9,4/20/2022 8:00,4/20/2022 8:00,4/20/2022 8:00
910,0e4IRjv,4/21/2022 8:00,4/21/2022 8:00,4/21/2022 8:00
911,VjDGFXx,4/22/2022 8:00,4/22/2022 8:00,4/22/2022 8:00
912,LrJvKlP,4/23/2022 8:00,4/23/2022 8:00,4/23/2022 8:00
913,SL8N4Z4,4/24/2022 8:00,4/24/2022 8:00,4/24/2022 8:00
914,68ustN8,4/25/2022 8:00,4/25/2022 8:00,4/25/2022 8:00
915,gLUJLAn,4/26/2022 8:00,4/26/2022 8:00,4/26/2022 8:00
916,YZLCczs,4/27/2022 8:00,4/27/2022 8:00,4/27/2022 8:00
917,qL31Zir,4/28/2022 8:00,4/28/2022 8:00,4/28/2022 8:00
918,ObRQNiv,4/29/2022 8:00,4/29/2022 8:00,4/29/2022 8:00
919,PUsrUhK,4/30/2022 8:00,4/30/2022 8:00,4/30/2022 8:00
920,OuRKBpy,5/1/2022 8:00,5/1/2022 8:00,5/1/2022 8:00
921,694mx8H,5/2/2022 8:00,5/2/2022 8:00,5/2/2022 8:00
922,ukCQqoE,5/3/2022 8:00,5/3/2022 8:00,5/3/2022 8:00
923,n59NVDm,5/4/2022 8:00,5/4/2022 8:00,5/4/2022 8:00
924,0rD3ehw,5/5/2022 8:00,5/5/2022 8:00,5/5/2022 8:00
925,shdfYTo,5/6/2022 8:00,5/6/2022 8:00,5/6/2022 8:00
926,Z9u4ffI,5/7/2022 8:00,5/7/2022 8:00,5/7/2022 8:00
927,0ycIbRN,5/8/2022 8:00,5/8/2022 8:00,5/8/2022 8:00
928,hAO3DwM,5/9/2022 8:00,5/9/2022 8:00,5/9/2022 8:00
929,rGX9c0a,5/10/2022 8:00,5/10/2022 8:00,5/10/2022 8:00
930,mkJ9QzF,5/11/2022 8:00,5/11/2022 8:00,5/11/2022 8:00
931,rPAhyi3,5/12/2022 8:00,5/12/2022 8:00,5/12/2022 8:00
932,z4fWwX7,5/13/2022 8:00,5/13/2022 8:00,5/13/2022 8:00
933,lOKJve1,5/14/2022 8:00,5/14/2022 8:00,5/14/2022 8:00
934,lzSymzM,5/15/2022 8:00,5/15/2022 8:00,5/15/2022 8:00
935,bf5U28U,5/16/2022 8:00,5/16/2022 8:00,5/16/2022 8:00
936,7BkCBYk,5/17/2022 8:00,5/17/2022 8:00,5/17/2022 8:00
937,AH63sUf,5/18/2022 8:00,5/18/2022 8:00,5/18/2022 8:00
938,o7ZSHJD,5/19/2022 8:00,5/19/2022 8:00,5/19/2022 8:00
939,AVsQ1UI,5/20/2022 8:00,5/20/2022 8:00,5/20/2022 8:00
940,wbDcOxP,5/21/2022 8:00,5/21/2022 8:00,5/21/2022 8:00
941,02LTfK1,5/22/2022 8:00,5/22/2022 8:00,5/22/2022 8:00
942,UFHRTmH,5/23/2022 8:00,5/23/2022 8:00,5/23/2022 8:00
943,lMgyHAC,5/24/2022 8:00,5/24/2022 8:00,5/24/2022 8:00
944,bqZtbkW,5/25/2022 8:00,5/25/2022 8:00,5/25/2022 8:00
945,8y80M4A,5/26/2022 8:00,5/26/2022 8:00,5/26/2022 8:00
946,llwUZoY,5/27/2022 8:00,5/27/2022 8:00,5/27/2022 8:00
947,C38PgLK,5/28/2022 8:00,5/28/2022 8:00,5/28/2022 8:00
948,NFXPhCp,5/29/2022 8:00,5/29/2022 8:00,5/29/2022 8:00
949,p09uTr5,5/30/2022 8:00,5/30/2022 8:00,5/30/2022 8:00
950,jYY2ERL,5/31/2022 8:00,5/31/2022 8:00,5/31/2022 8:00
951,CQ414XI,6/1/2022 8:00,6/1/2022 8:00,6/1/2022 8:00
952,wyaBRw1,6/2/2022 8:00,6/2/2022 8:00,6/2/2022 8:00
953,l6qR6Jo,6/3/2022 8:00,6/3/2022 8:00,6/3/2022 8:00
954,340BARR,6/4/2022 8:00,6/4/2022 8:00,6/4/2022 8:00
955,kATeQ1W,6/5/2022 8:00,6/5/2022 8:00,6/5/2022 8:00
956,nAH1OVs,6/6/2022 8:00,6/6/2022 8:00,6/6/2022 8:00
957,k7TFVFO,6/7/2022 8:00,6/7/2022 8:00,6/7/2022 8:00
958,P1jICaX,6/8/2022 8:00,6/8/2022 8:00,6/8/2022 8:00
959,Mf46EPi,6/9/2022 8:00,6/9/2022 8:00,6/9/2022 8:00
960,skXWCJP,6/10/2022 8:00,6/10/2022 8:00,6/10/2022 8:00
961,jrd1CXn,6/11/2022 8:00,6/11/2022 8:00,6/11/2022 8:00
962,DH5C2UU,6/12/2022 8:00,6/12/2022 8:00,6/12/2022 8:00
963,tmgPDFG,6/13/2022 8:00,6/13/2022 8:00,6/13/2022 8:00
964,oWGvbSd,6/14/2022 8:00,6/14/2022 8:00,6/14/2022 8:00
965,RmXHzD7,6/15/2022 8:00,6/15/2022 8:00,6/15/2022 8:00
966,REi0SR9,6/16/2022 8:00,6/16/2022 8:00,6/16/2022 8:00
967,OAXLgn2,6/17/2022 8:00,6/17/2022 8:00,6/17/2022 8:00
968,MnGBQsj,6/18/2022 8:00,6/18/2022 8:00,6/18/2022 8:00
969,l1F0T5k,6/19/2022 8:00,6/19/2022 8:00,6/19/2022 8:00
970,a2pmQkP,6/20/2022 8:00,6/20/2022 8:00,6/20/2022 8:00
971,1OTeOPH,6/21/2022 8:00,6/21/2022 8:00,6/21/2022 8:00
972,PUZAiWc,6/22/2022 8:00,6/22/2022 8:00,6/22/2022 8:00
973,IOSbxxg,6/23/2022 8:00,6/23/2022 8:00,6/23/2022 8:00
974,5ugCJ4m,6/24/2022 8:00,6/24/2022 8:00,6/24/2022 8:00
975,OUFD51D,6/25/2022 8:00,6/25/2022 8:00,6/25/2022 8:00
976,hoHoRis,6/26/2022 8:00,6/26/2022 8:00,6/26/2022 8:00
977,wtSAolY,6/27/2022 8:00,6/27/2022 8:00,6/27/2022 8:00
978,znZfisb,6/28/2022 8:00,6/28/2022 8:00,6/28/2022 8:00
979,vZRg6j5,6/29/2022 8:00,6/29/2022 8:00,6/29/2022 8:00
980,k1B8yD5,6/30/2022 8:00,6/30/2022 8:00,6/30/2022 8:00
981,e5PXT84,7/1/2022 8:00,7/1/2022 8:00,7/1/2022 8:00
982,3L8tbKi,7/2/2022 8:00,7/2/2022 8:00,7/2/2022 8:00
983,xSRoKkI,7/3/2022 8:00,7/3/2022 8:00,7/3/2022 8:00
984,MQHEJxR,7/4/2022 8:00,7/4/2022 8:00,7/4/2022 8:00
985,ofjEFK2,7/5/2022 8:00,7/5/2022 8:00,7/5/2022 8:00
986,0oDyaY0,7/6/2022 8:00,7/6/2022 8:00,7/6/2022 8:00
987,K1LYXch,7/7/2022 8:00,7/7/2022 8:00,7/7/2022 8:00
988,F94JJW2,7/8/2022 8:00,7/8/2022 8:00,7/8/2022 8:00
989,44jqu5T,7/9/2022 8:00,7/9/2022 8:00,7/9/2022 8:00
990,4W4Alaa,7/10/2022 8:00,7/10/2022 8:00,7/10/2022 8:00
991,tY9wxpf,7/11/2022 8:00,7/11/2022 8:00,7/11/2022 8:00
992,C3shdoY,7/12/2022 8:00,7/12/2022 8:00,7/12/2022 8:00
993,MRk7m1X,7/13/2022 8:00,7/13/2022 8:00,7/13/2022 8:00
994,Z4yDDxC,7/14/2022 8:00,7/14/2022 8:00,7/14/2022 8:00
995,9Vp3B1J,7/15/2022 8:00,7/15/2022 8:00,7/15/2022 8:00
996,Z2bgaYK,7/16/2022 8:00,7/16/2022 8:00,7/16/2022 8:00
997,TH8caQY,7/17/2022 8:00,7/17/2022 8:00,7/17/2022 8:00
998,SrZTG9r,7/18/2022 8:00,7/18/2022 8:00,7/18/2022 8:00
999,Odujk9o,7/19/2022 8:00,7/19/2022 8:00,7/19/2022 8:00
1000,8U8eNkA,7/20/2022 8:00,7/20/2022 8:00,7/20/2022 8:00
1001,45aRlS5,7/21/2022 8:00,7/21/2022 8:00,7/21/2022 8:00
1002,CLAjbCg,7/22/2022 8:00,7/22/2022 8:00,7/22/2022 8:00
1003,mwRPDh4,7/23/2022 8:00,7/23/2022 8:00,7/23/2022 8:00
1004,sJdTrHp,7/24/2022 8:00,7/24/2022 8:00,7/24/2022 8:00
1005,gmg2fNQ,7/25/2022 8:00,7/25/2022 8:00,7/25/2022 8:00
1006,zSXx2MR,7/26/2022 8:00,7/26/2022 8:00,7/26/2022 8:00
1007,E2zLrP9,7/27/2022 8:00,7/27/2022 8:00,7/27/2022 8:00
1008,zwSMcD4,7/28/2022 8:00,7/28/2022 8:00,7/28/2022 8:00
1009,jMHYNc8,7/29/2022 8:00,7/29/2022 8:00,7/29/2022 8:00
1010,NdSAbVK,7/30/2022 8:00,7/30/2022 8:00,7/30/2022 8:00
1011,NK5P5L3,7/31/2022 8:00,7/31/2022 8:00,7/31/2022 8:00
1012,3P0AwPR,8/1/2022 8:00,8/1/2022 8:00,8/1/2022 8:00
1013,qY4kYqY,8/2/2022 8:00,8/2/2022 8:00,8/2/2022 8:00
1014,DIv74X7,8/3/2022 8:00,8/3/2022 8:00,8/3/2022 8:00
1015,kVTIuwf,8/4/2022 8:00,8/4/2022 8:00,8/4/2022 8:00
1016,jCyjDcR,8/5/2022 8:00,8/5/2022 8:00,8/5/2022 8:00
1017,WsUdBLe,8/6/2022 8:00,8/6/2022 8:00,8/6/2022 8:00
1018,s2VxmwN,8/7/2022 8:00,8/7/2022 8:00,8/7/2022 8:00
1019,OF7DWoH,8/8/2022 8:00,8/8/2022 8:00,8/8/2022 8:00
1020,pJmzVXA,8/9/2022 8:00,8/9/2022 8:00,8/9/2022 8:00
1021,VQcdgKr,8/10/2022 8:00,8/10/2022 8:00,8/10/2022 8:00
1022,rhSHMVk,8/11/2022 8:00,8/11/2022 8:00,8/11/2022 8:00
1023,UrpQyJF,8/12/2022 8:00,8/12/2022 8:00,8/12/2022 8:00
1024,kzWn4fE,8/13/2022 8:00,8/13/2022 8:00,8/13/2022 8:00
1025,tjmkEk9,8/14/2022 8:00,8/14/2022 8:00,8/14/2022 8:00
1026,FQyVhgH,8/15/2022 8:00,8/15/2022 8:00,8/15/2022 8:00
1027,WiPIoK1,8/16/2022 8:00,8/16/2022 8:00,8/16/2022 8:00
1028,SBOuaKF,8/17/2022 8:00,8/17/2022 8:00,8/17/2022 8:00
1029,pOJSSWk,8/18/2022 8:00,8/18/2022 8:00,8/18/2022 8:00
1030,6LFK0UA,8/19/2022 8:00,8/19/2022 8:00,8/19/2022 8:00
1031,Yoor4FQ,8/20/2022 8:00,8/20/2022 8:00,8/20/2022 8:00
1032,2bz9EFL,8/21/2022 8:00,8/21/2022 8:00,8/21/2022 8:00
1033,mO5qjTf,8/22/2022 8:00,8/22/2022 8:00,8/22/2022 8:00
1034,BezeXkf,8/23/2022 8:00,8/23/2022 8:00,8/23/2022 8:00
1035,tQqmgpt,8/24/2022 8:00,8/24/2022 8:00,8/24/2022 8:00
1036,d4nKUnA,8/25/2022 8:00,8/25/2022 8:00,8/25/2022 8:00
1037,1M7AgnR,8/26/2022 8:00,8/26/2022 8:00,8/26/2022 8:00
1038,l9W3ekn,8/27/2022 8:00,8/27/2022 8:00,8/27/2022 8:00
1039,WOa1zl8,8/28/2022 8:00,8/28/2022 8:00,8/28/2022 8:00
1040,GuszTTH,8/29/2022 8:00,8/29/2022 8:00,8/29/2022 8:00
1041,LA44HMu,8/30/2022 8:00,8/30/2022 8:00,8/30/2022 8:00
1042,qtTOAXX,8/31/2022 8:00,8/31/2022 8:00,8/31/2022 8:00
1043,wp7M0My,9/1/2022 8:00,9/1/2022 8:00,9/1/2022 8:00
1044,8VgqoTr,9/2/2022 8:00,9/2/2022 8:00,9/2/2022 8:00
1045,bfnFCHe,9/3/2022 8:00,9/3/2022 8:00,9/3/2022 8:00
1046,iJ3EvSV,9/4/2022 8:00,9/4/2022 8:00,9/4/2022 8:00
1047,crBEcF8,9/5/2022 8:00,9/5/2022 8:00,9/5/2022 8:00
1048,qaOd5YD,9/6/2022 8:00,9/6/2022 8:00,9/6/2022 8:00
1049,A14vapv,9/7/2022 8:00,9/7/2022 8:00,9/7/2022 8:00
1050,pwZ0IpY,9/8/2022 8:00,9/8/2022 8:00,9/8/2022 8:00
1051,Rlqpyq6,9/9/2022 8:00,9/9/2022 8:00,9/9/2022 8:00
1052,UInmvDg,9/10/2022 8:00,9/10/2022 8:00,9/10/2022 8:00
1053,CtI3gCz,9/11/2022 8:00,9/11/2022 8:00,9/11/2022 8:00
1054,5UukGib,9/12/2022 8:00,9/12/2022 8:00,9/12/2022 8:00
1055,So2UtYz,9/13/2022 8:00,9/13/2022 8:00,9/13/2022 8:00
1056,j08ZgDZ,9/14/2022 8:00,9/14/2022 8:00,9/14/2022 8:00
1057,cz4w1ze,9/15/2022 8:00,9/15/2022 8:00,9/15/2022 8:00
1058,OtCMRRc,9/16/2022 8:00,9/16/2022 8:00,9/16/2022 8:00
1059,O4qnHss,9/17/2022 8:00,9/17/2022 8:00,9/17/2022 8:00
1060,ZBEL0VT,9/18/2022 8:00,9/18/2022 8:00,9/18/2022 8:00
1061,ZTf6PcE,9/19/2022 8:00,9/19/2022 8:00,9/19/2022 8:00
1062,6ToAujl,9/20/2022 8:00,9/20/2022 8:00,9/20/2022 8:00
1063,X7EyojZ,9/21/2022 8:00,9/21/2022 8:00,9/21/2022 8:00
1064,cHVIJll,9/22/2022 8:00,9/22/2022 8:00,9/22/2022 8:00
1065,CDp5cDJ,9/23/2022 8:00,9/23/2022 8:00,9/23/2022 8:00
1066,SwMXUTq,9/24/2022 8:00,9/24/2022 8:00,9/24/2022 8:00
1067,o1eT1DG,9/25/2022 8:00,9/25/2022 8:00,9/25/2022 8:00
1068,J4XXESL,9/26/2022 8:00,9/26/2022 8:00,9/26/2022 8:00
1069,t94ZZi8,9/27/2022 8:00,9/27/2022 8:00,9/27/2022 8:00
1070,I9U2JfK,9/28/2022 8:00,9/28/2022 8:00,9/28/2022 8:00
1071,7tKxwpa,9/29/2022 8:00,9/29/2022 8:00,9/29/2022 8:00
1072,mMqzYzp,9/30/2022 8:00,9/30/2022 8:00,9/30/2022 8:00
1073,Rsx9xmC,10/1/2022 8:00,10/1/2022 8:00,10/1/2022 8:00
1074,yRCgAuC,10/2/2022 8:00,10/2/2022 8:00,10/2/2022 8:00
1075,cqEEM2p,10/3/2022 8:00,10/3/2022 8:00,10/3/2022 8:00
1076,VvdN2Zm,10/4/2022 8:00,10/4/2022 8:00,10/4/2022 8:00
1077,ssP0wkl,10/5/2022 8:00,10/5/2022 8:00,10/5/2022 8:00
1078,eWF4Bp6,10/6/2022 8:00,10/6/2022 8:00,10/6/2022 8:00
1079,UyDBwKy,10/7/2022 8:00,10/7/2022 8:00,10/7/2022 8:00
1080,krFRcH1,10/8/2022 8:00,10/8/2022 8:00,10/8/2022 8:00
1081,XGR1Qa8,10/9/2022 8:00,10/9/2022 8:00,10/9/2022 8:00
1082,dVpnzBu,10/10/2022 8:00,10/10/2022 8:00,10/10/2022 8:00
1083,zVDIDyr,10/11/2022 8:00,10/11/2022 8:00,10/11/2022 8:00
1084,V4VZDdM,10/12/2022 8:00,10/12/2022 8:00,10/12/2022 8:00
1085,CnHpaKg,10/13/2022 8:00,10/13/2022 8:00,10/13/2022 8:00
1086,EKDFVdL,10/14/2022 8:00,10/14/2022 8:00,10/14/2022 8:00
1087,jesOE9s,10/15/2022 8:00,10/15/2022 8:00,10/15/2022 8:00
1088,42Xylq7,10/16/2022 8:00,10/16/2022 8:00,10/16/2022 8:00
1089,9qWVmPc,10/17/2022 8:00,10/17/2022 8:00,10/17/2022 8:00
1090,VMMNDiY,10/18/2022 8:00,10/18/2022 8:00,10/18/2022 8:00
1091,VxwO9Me,10/19/2022 8:00,10/19/2022 8:00,10/19/2022 8:00
1092,Z7TVwGJ,10/20/2022 8:00,10/20/2022 8:00,10/20/2022 8:00
1093,hvyvaV0,10/21/2022 8:00,10/21/2022 8:00,10/21/2022 8:00
1094,OWQCGUB,10/22/2022 8:00,10/22/2022 8:00,10/22/2022 8:00
1095,b05hJ7n,10/23/2022 8:00,10/23/2022 8:00,10/23/2022 8:00
1096,npFaxSw,10/24/2022 8:00,10/24/2022 8:00,10/24/2022 8:00
1097,k3BHOhI,10/25/2022 8:00,10/25/2022 8:00,10/25/2022 8:00
1098,Pa18Say,10/26/2022 8:00,10/26/2022 8:00,10/26/2022 8:00
1099,ndH3GH3,10/27/2022 8:00,10/27/2022 8:00,10/27/2022 8:00
1100,TPyfHCk,10/28/2022 8:00,10/28/2022 8:00,10/28/2022 8:00
1101,pMFFzsm,10/29/2022 8:00,10/29/2022 8:00,10/29/2022 8:00
1102,Qbm833T,10/30/2022 8:00,10/30/2022 8:00,10/30/2022 8:00
1103,2dz1GBL,10/31/2022 8:00,10/31/2022 8:00,10/31/2022 8:00
1104,0ycPuL8,11/1/2022 8:00,11/1/2022 8:00,11/1/2022 8:00
1105,ez2Xxer,11/2/2022 8:00,11/2/2022 8:00,11/2/2022 8:00
1106,dcEf8yp,11/3/2022 8:00,11/3/2022 8:00,11/3/2022 8:00
1107,1bfxOui,11/4/2022 8:00,11/4/2022 8:00,11/4/2022 8:00
1108,sat6W60,11/5/2022 8:00,11/5/2022 8:00,11/5/2022 8:00
1109,bs0q9kZ,11/6/2022 8:00,11/6/2022 8:00,11/6/2022 8:00
1110,SqJOksT,11/7/2022 8:00,11/7/2022 8:00,11/7/2022 8:00
1111,oePb0g9,11/8/2022 8:00,11/8/2022 8:00,11/8/2022 8:00
1112,peMLiq6,11/9/2022 8:00,11/9/2022 8:00,11/9/2022 8:00
1113,fc1mB5Z,11/10/2022 8:00,11/10/2022 8:00,11/10/2022 8:00
1114,K5w5lXA,11/11/2022 8:00,11/11/2022 8:00,11/11/2022 8:00
1115,iEHaBa9,11/12/2022 8:00,11/12/2022 8:00,11/12/2022 8:00
1116,nRWVXNu,11/13/2022 8:00,11/13/2022 8:00,11/13/2022 8:00
1117,zwYM1E7,11/14/2022 8:00,11/14/2022 8:00,11/14/2022 8:00
1118,hZxbrrh,11/15/2022 8:00,11/15/2022 8:00,11/15/2022 8:00
1119,nO582k5,11/16/2022 8:00,11/16/2022 8:00,11/16/2022 8:00
1120,cyrWj1O,11/17/2022 8:00,11/17/2022 8:00,11/17/2022 8:00
1121,3rb0jgK,11/18/2022 8:00,11/18/2022 8:00,11/18/2022 8:00
1122,4WHT6Em,11/19/2022 8:00,11/19/2022 8:00,11/19/2022 8:00
1123,yb666HE,11/20/2022 8:00,11/20/2022 8:00,11/20/2022 8:00
1124,R0oxbzC,11/21/2022 8:00,11/21/2022 8:00,11/21/2022 8:00
1125,58m8LaF,11/22/2022 8:00,11/22/2022 8:00,11/22/2022 8:00
1126,2hyqQ4u,11/23/2022 8:00,11/23/2022 8:00,11/23/2022 8:00
1127,c5ZLRQC,11/24/2022 8:00,11/24/2022 8:00,11/24/2022 8:00
1128,8aIpDuq,11/25/2022 8:00,11/25/2022 8:00,11/25/2022 8:00
1129,tJhgv7G,11/26/2022 8:00,11/26/2022 8:00,11/26/2022 8:00
1130,BI1fxfw,11/27/2022 8:00,11/27/2022 8:00,11/27/2022 8:00
1131,RyJrC7i,11/28/2022 8:00,11/28/2022 8:00,11/28/2022 8:00
1132,WaX3lld,11/29/2022 8:00,11/29/2022 8:00,11/29/2022 8:00
1133,exbIB0r,11/30/2022 8:00,11/30/2022 8:00,11/30/2022 8:00
1134,Odu4scg,12/1/2022 8:00,12/1/2022 8:00,12/1/2022 8:00
1135,BxoMlw0,12/2/2022 8:00,12/2/2022 8:00,12/2/2022 8:00
1136,1sOAput,12/3/2022 8:00,12/3/2022 8:00,12/3/2022 8:00
1137,rlKlwKp,12/4/2022 8:00,12/4/2022 8:00,12/4/2022 8:00
1138,Uf4Nsjr,12/5/2022 8:00,12/5/2022 8:00,12/5/2022 8:00
1139,qvUU5BV,12/6/2022 8:00,12/6/2022 8:00,12/6/2022 8:00
1140,TAotf2p,12/7/2022 8:00,12/7/2022 8:00,12/7/2022 8:00
1141,eDt3ez0,12/8/2022 8:00,12/8/2022 8:00,12/8/2022 8:00
1142,oXQenIs,12/9/2022 8:00,12/9/2022 8:00,12/9/2022 8:00
1143,B5GR1eY,12/10/2022 8:00,12/10/2022 8:00,12/10/2022 8:00
1144,lpmn4bi,12/11/2022 8:00,12/11/2022 8:00,12/11/2022 8:00
1145,F9v868J,12/12/2022 8:00,12/12/2022 8:00,12/12/2022 8:00
1146,kUjr7wj,12/13/2022 8:00,12/13/2022 8:00,12/13/2022 8:00
1147,TANTFPz,12/14/2022 8:00,12/14/2022 8:00,12/14/2022 8:00
1148,01QL7dM,12/15/2022 8:00,12/15/2022 8:00,12/15/2022 8:00
1149,qBiQiMt,12/16/2022 8:00,12/16/2022 8:00,12/16/2022 8:00
1150,ldsRLN8,12/17/2022 8:00,12/17/2022 8:00,12/17/2022 8:00
1151,9kGvXcp,12/18/2022 8:00,12/18/2022 8:00,12/18/2022 8:00
1152,54kNKOb,12/19/2022 8:00,12/19/2022 8:00,12/19/2022 8:00
1153,RGEndwC,12/20/2022 8:00,12/20/2022 8:00,12/20/2022 8:00
1154,IR4KH6m,12/21/2022 8:00,12/21/2022 8:00,12/21/2022 8:00
1155,r3px6j9,12/22/2022 8:00,12/22/2022 8:00,12/22/2022 8:00
1156,RQcqh2J,12/23/2022 8:00,12/23/2022 8:00,12/23/2022 8:00
1157,0qvQNbF,12/24/2022 8:00,12/24/2022 8:00,12/24/2022 8:00
1158,US2HDQX,12/25/2022 8:00,12/25/2022 8:00,12/25/2022 8:00
1159,QblC6xN,12/26/2022 8:00,12/26/2022 8:00,12/26/2022 8:00
1160,G4e9Jf8,12/27/2022 8:00,12/27/2022 8:00,12/27/2022 8:00
1161,yxLaUrx,12/28/2022 8:00,12/28/2022 8:00,12/28/2022 8:00
1162,efMwtFF,12/29/2022 8:00,12/29/2022 8:00,12/29/2022 8:00
1163,4OqeRds,12/30/2022 8:00,12/30/2022 8:00,12/30/2022 8:00
1164,SG4oKxK,12/31/2022 8:00,12/31/2022 8:00,12/31/2022 8:00
1165,i5kwILo,1/1/2023 8:00,1/1/2023 8:00,1/1/2023 8:00
1166,bFyykaY,1/2/2023 8:00,1/2/2023 8:00,1/2/2023 8:00
1167,RWQFeWR,1/3/2023 8:00,1/3/2023 8:00,1/3/2023 8:00
1168,VdZVnDV,1/4/2023 8:00,1/4/2023 8:00,1/4/2023 8:00
1169,i9TC7iK,1/5/2023 8:00,1/5/2023 8:00,1/5/2023 8:00
1170,tnsdaXl,1/6/2023 8:00,1/6/2023 8:00,1/6/2023 8:00
1171,TppgjST,1/7/2023 8:00,1/7/2023 8:00,1/7/2023 8:00
1172,1v3ZMeg,1/8/2023 8:00,1/8/2023 8:00,1/8/2023 8:00
1173,r3N5uSQ,1/9/2023 8:00,1/9/2023 8:00,1/9/2023 8:00
1174,mDTflmj,1/10/2023 8:00,1/10/2023 8:00,1/10/2023 8:00
1175,1uvPs3r,1/11/2023 8:00,1/11/2023 8:00,1/11/2023 8:00
1176,d1U7mVx,1/12/2023 8:00,1/12/2023 8:00,1/12/2023 8:00
1177,JHLEx9C,1/13/2023 8:00,1/13/2023 8:00,1/13/2023 8:00
1178,SVDeUNF,1/14/2023 8:00,1/14/2023 8:00,1/14/2023 8:00
1179,XFF2lPq,1/15/2023 8:00,1/15/2023 8:00,1/15/2023 8:00
1180,ZECgXFa,1/16/2023 8:00,1/16/2023 8:00,1/16/2023 8:00
1181,7McLP9b,1/17/2023 8:00,1/17/2023 8:00,1/17/2023 8:00
1182,YRDb4iL,1/18/2023 8:00,1/18/2023 8:00,1/18/2023 8:00
1183,iliLEYa,1/19/2023 8:00,1/19/2023 8:00,1/19/2023 8:00
1184,uXBgG7o,1/20/2023 8:00,1/20/2023 8:00,1/20/2023 8:00
1185,uzaofpN,1/21/2023 8:00,1/21/2023 8:00,1/21/2023 8:00
1186,dN2FMfZ,1/22/2023 8:00,1/22/2023 8:00,1/22/2023 8:00
1187,24vBOJm,1/23/2023 8:00,1/23/2023 8:00,1/23/2023 8:00
1188,vVyCYuv,1/24/2023 8:00,1/24/2023 8:00,1/24/2023 8:00
1189,2VMrxtB,1/25/2023 8:00,1/25/2023 8:00,1/25/2023 8:00
1190,RKBrwrg,1/26/2023 8:00,1/26/2023 8:00,1/26/2023 8:00
1191,VVFex1W,1/27/2023 8:00,1/27/2023 8:00,1/27/2023 8:00
1192,efNncqn,1/28/2023 8:00,1/28/2023 8:00,1/28/2023 8:00
1193,CZcX17C,1/29/2023 8:00,1/29/2023 8:00,1/29/2023 8:00
1194,ZW2PTvK,1/30/2023 8:00,1/30/2023 8:00,1/30/2023 8:00
1195,Kv3txaD,1/31/2023 8:00,1/31/2023 8:00,1/31/2023 8:00
1196,pWag9CL,2/1/2023 8:00,2/1/2023 8:00,2/1/2023 8:00
1197,UFwyNwp,2/2/2023 8:00,2/2/2023 8:00,2/2/2023 8:00
1198,gEZGy27,2/3/2023 8:00,2/3/2023 8:00,2/3/2023 8:00
1199,zT5I7Zx,2/4/2023 8:00,2/4/2023 8:00,2/4/2023 8:00
1200,2I9dbdG,2/5/2023 8:00,2/5/2023 8:00,2/5/2023 8:00
1201,v4svU5S,2/6/2023 8:00,2/6/2023 8:00,2/6/2023 8:00
1202,1DamITL,2/7/2023 8:00,2/7/2023 8:00,2/7/2023 8:00
1203,UxcAz2w,2/8/2023 8:00,2/8/2023 8:00,2/8/2023 8:00
1204,gJACCWC,2/9/2023 8:00,2/9/2023 8:00,2/9/2023 8:00
1205,4MQLGgg,2/10/2023 8:00,2/10/2023 8:00,2/10/2023 8:00
1206,O8IH0ux,2/11/2023 8:00,2/11/2023 8:00,2/11/2023 8:00
1207,ohQ45FK,2/12/2023 8:00,2/12/2023 8:00,2/12/2023 8:00
1208,H01tpnb,2/13/2023 8:00,2/13/2023 8:00,2/13/2023 8:00
1209,rkPgSaw,2/14/2023 8:00,2/14/2023 8:00,2/14/2023 8:00
1210,8sQKWmA,2/15/2023 8:00,2/15/2023 8:00,2/15/2023 8:00
1211,JJEDIsl,2/16/2023 8:00,2/16/2023 8:00,2/16/2023 8:00
1212,21Cl5i7,2/17/2023 8:00,2/17/2023 8:00,2/17/2023 8:00
1213,vQzT1Mg,2/18/2023 8:00,2/18/2023 8:00,2/18/2023 8:00
1214,9ZG406z,2/19/2023 8:00,2/19/2023 8:00,2/19/2023 8:00
1215,MoAtnPm,2/20/2023 8:00,2/20/2023 8:00,2/20/2023 8:00
1216,d3iM7We,2/21/2023 8:00,2/21/2023 8:00,2/21/2023 8:00
1217,yV0ZQxp,2/22/2023 8:00,2/22/2023 8:00,2/22/2023 8:00
1218,orUHySu,2/23/2023 8:00,2/23/2023 8:00,2/23/2023 8:00
1219,hzs25oK,2/24/2023 8:00,2/24/2023 8:00,2/24/2023 8:00
1220,dhxSvk8,2/25/2023 8:00,2/25/2023 8:00,2/25/2023 8:00
1221,4D2uzYj,2/26/2023 8:00,2/26/2023 8:00,2/26/2023 8:00
1222,bCkzqS8,2/27/2023 8:00,2/27/2023 8:00,2/27/2023 8:00
1223,8blQvXP,2/28/2023 8:00,2/28/2023 8:00,2/28/2023 8:00
1224,ghxn33y,3/1/2023 8:00,3/1/2023 8:00,3/1/2023 8:00
1225,Qj2fN4k,3/2/2023 8:00,3/2/2023 8:00,3/2/2023 8:00
1226,PU4NssU,3/3/2023 8:00,3/3/2023 8:00,3/3/2023 8:00
1227,32bAK0a,3/4/2023 8:00,3/4/2023 8:00,3/4/2023 8:00
1228,NhLAwcn,3/5/2023 8:00,3/5/2023 8:00,3/5/2023 8:00
1229,7Tup5iX,3/6/2023 8:00,3/6/2023 8:00,3/6/2023 8:00
1230,qvrA4K4,3/7/2023 8:00,3/7/2023 8:00,3/7/2023 8:00
1231,TYLWDsc,3/8/2023 8:00,3/8/2023 8:00,3/8/2023 8:00
1232,CeFWu2R,3/9/2023 8:00,3/9/2023 8:00,3/9/2023 8:00
1233,AZ6Qpq6,3/10/2023 8:00,3/10/2023 8:00,3/10/2023 8:00
1234,Us0J7uy,3/11/2023 8:00,3/11/2023 8:00,3/11/2023 8:00
1235,9hFwnWk,3/12/2023 8:00,3/12/2023 8:00,3/12/2023 8:00
1236,OrSXzbG,3/13/2023 8:00,3/13/2023 8:00,3/13/2023 8:00
1237,77xy57h,3/14/2023 8:00,3/14/2023 8:00,3/14/2023 8:00
1238,Z1idTyc,3/15/2023 8:00,3/15/2023 8:00,3/15/2023 8:00
1239,KRYBr6x,3/16/2023 8:00,3/16/2023 8:00,3/16/2023 8:00
1240,8njZ9WK,3/17/2023 8:00,3/17/2023 8:00,3/17/2023 8:00
1241,clmW9cA,3/18/2023 8:00,3/18/2023 8:00,3/18/2023 8:00
1242,cuHFwxx,3/19/2023 8:00,3/19/2023 8:00,3/19/2023 8:00
1243,WdTqiSz,3/20/2023 8:00,3/20/2023 8:00,3/20/2023 8:00
1244,rZJ9g0o,3/21/2023 8:00,3/21/2023 8:00,3/21/2023 8:00
1245,UcuTfCo,3/22/2023 8:00,3/22/2023 8:00,3/22/2023 8:00
1246,NFnRvGH,3/23/2023 8:00,3/23/2023 8:00,3/23/2023 8:00
1247,b0WgSK4,3/24/2023 8:00,3/24/2023 8:00,3/24/2023 8:00
1248,uWyn1Yv,3/25/2023 8:00,3/25/2023 8:00,3/25/2023 8:00
1249,nxNAYlp,3/26/2023 8:00,3/26/2023 8:00,3/26/2023 8:00
1250,pDcOlUu,3/27/2023 8:00,3/27/2023 8:00,3/27/2023 8:00
1251,GGfcPeN,3/28/2023 8:00,3/28/2023 8:00,3/28/2023 8:00
1252,aLLNM1u,3/29/2023 8:00,3/29/2023 8:00,3/29/2023 8:00
1253,tVlgHm4,3/30/2023 8:00,3/30/2023 8:00,3/30/2023 8:00
1254,jWNvY6V,3/31/2023 8:00,3/31/2023 8:00,3/31/2023 8:00
1255,tg8Uvo3,4/1/2023 8:00,4/1/2023 8:00,4/1/2023 8:00
1256,PhTiz1v,4/2/2023 8:00,4/2/2023 8:00,4/2/2023 8:00
1257,gGvSTQU,4/3/2023 8:00,4/3/2023 8:00,4/3/2023 8:00
1258,cEkcFbK,4/4/2023 8:00,4/4/2023 8:00,4/4/2023 8:00
1259,8Nb531C,4/5/2023 8:00,4/5/2023 8:00,4/5/2023 8:00
1260,hzjHkmt,4/6/2023 8:00,4/6/2023 8:00,4/6/2023 8:00
1261,w2uX0HX,4/7/2023 8:00,4/7/2023 8:00,4/7/2023 8:00
1262,wTHOuxd,4/8/2023 8:00,4/8/2023 8:00,4/8/2023 8:00
1263,OwFUbPu,4/9/2023 8:00,4/9/2023 8:00,4/9/2023 8:00
1264,qDBxRL6,4/10/2023 8:00,4/10/2023 8:00,4/10/2023 8:00
1265,ungX0a9,4/11/2023 8:00,4/11/2023 8:00,4/11/2023 8:00
1266,fisJxly,4/12/2023 8:00,4/12/2023 8:00,4/12/2023 8:00
1267,FgRXTh0,4/13/2023 8:00,4/13/2023 8:00,4/13/2023 8:00
1268,SbZIRY5,4/14/2023 8:00,4/14/2023 8:00,4/14/2023 8:00
1269,5iP9vKS,4/15/2023 8:00,4/15/2023 8:00,4/15/2023 8:00
1270,cEtAmcV,4/16/2023 8:00,4/16/2023 8:00,4/16/2023 8:00
1271,R1Wg7HX,4/17/2023 8:00,4/17/2023 8:00,4/17/2023 8:00
1272,LAUW1LV,4/18/2023 8:00,4/18/2023 8:00,4/18/2023 8:00
1273,98PGND9,4/19/2023 8:00,4/19/2023 8:00,4/19/2023 8:00
1274,rR0o348,4/20/2023 8:00,4/20/2023 8:00,4/20/2023 8:00
1275,hQj4Rx1,4/21/2023 8:00,4/21/2023 8:00,4/21/2023 8:00
1276,CaqIu6R,4/22/2023 8:00,4/22/2023 8:00,4/22/2023 8:00
1277,wlf6nHa,4/23/2023 8:00,4/23/2023 8:00,4/23/2023 8:00
1278,9NnOYJ9,4/24/2023 8:00,4/24/2023 8:00,4/24/2023 8:00
1279,REV4aEo,4/25/2023 8:00,4/25/2023 8:00,4/25/2023 8:00
1280,3eNk2SW,4/26/2023 8:00,4/26/2023 8:00,4/26/2023 8:00
1281,aBsQeke,4/27/2023 8:00,4/27/2023 8:00,4/27/2023 8:00
1282,dSNfCKL,4/28/2023 8:00,4/28/2023 8:00,4/28/2023 8:00
1283,lc7EVeO,4/29/2023 8:00,4/29/2023 8:00,4/29/2023 8:00
1284,3JNscXC,4/30/2023 8:00,4/30/2023 8:00,4/30/2023 8:00
1285,1FuafcE,5/1/2023 8:00,5/1/2023 8:00,5/1/2023 8:00
1286,NZYPrVM,5/2/2023 8:00,5/2/2023 8:00,5/2/2023 8:00
1287,emerMJn,5/3/2023 8:00,5/3/2023 8:00,5/3/2023 8:00
1288,z5FwD5j,5/4/2023 8:00,5/4/2023 8:00,5/4/2023 8:00
1289,E873Ohp,5/5/2023 8:00,5/5/2023 8:00,5/5/2023 8:00
1290,sz88ivx,5/6/2023 8:00,5/6/2023 8:00,5/6/2023 8:00
1291,yFEu1ah,5/7/2023 8:00,5/7/2023 8:00,5/7/2023 8:00
1292,PGyLdEi,5/8/2023 8:00,5/8/2023 8:00,5/8/2023 8:00
1293,QtMxFXH,5/9/2023 8:00,5/9/2023 8:00,5/9/2023 8:00
1294,8UGgggZ,5/10/2023 8:00,5/10/2023 8:00,5/10/2023 8:00
1295,vLUmh26,5/11/2023 8:00,5/11/2023 8:00,5/11/2023 8:00
1296,0m8Y3NZ,5/12/2023 8:00,5/12/2023 8:00,5/12/2023 8:00
1297,jb2ElSK,5/13/2023 8:00,5/13/2023 8:00,5/13/2023 8:00
1298,uY2mSZ2,5/14/2023 8:00,5/14/2023 8:00,5/14/2023 8:00
1299,EfJrecX,5/15/2023 8:00,5/15/2023 8:00,5/15/2023 8:00
1300,f2FFNjQ,5/16/2023 8:00,5/16/2023 8:00,5/16/2023 8:00
1301,Z8Pi9J5,5/17/2023 8:00,5/17/2023 8:00,5/17/2023 8:00
1302,vCIer8s,5/18/2023 8:00,5/18/2023 8:00,5/18/2023 8:00
1303,vfPv1tu,5/19/2023 8:00,5/19/2023 8:00,5/19/2023 8:00
1304,PdOHH42,5/20/2023 8:00,5/20/2023 8:00,5/20/2023 8:00
1305,sQ0xruA,5/21/2023 8:00,5/21/2023 8:00,5/21/2023 8:00
1306,rH90csd,5/22/2023 8:00,5/22/2023 8:00,5/22/2023 8:00
1307,awOy9Gu,5/23/2023 8:00,5/23/2023 8:00,5/23/2023 8:00
1308,pUvZTqw,5/24/2023 8:00,5/24/2023 8:00,5/24/2023 8:00
1309,RgypzdD,5/25/2023 8:00,5/25/2023 8:00,5/25/2023 8:00
1310,ghutcQe,5/26/2023 8:00,5/26/2023 8:00,5/26/2023 8:00
1311,XoQew5O,5/27/2023 8:00,5/27/2023 8:00,5/27/2023 8:00
1312,mQcVMJ2,5/28/2023 8:00,5/28/2023 8:00,5/28/2023 8:00
1313,T5v6oAF,5/29/2023 8:00,5/29/2023 8:00,5/29/2023 8:00
1314,sEFCH33,5/30/2023 8:00,5/30/2023 8:00,5/30/2023 8:00
1315,uZg69DD,5/31/2023 8:00,5/31/2023 8:00,5/31/2023 8:00
1316,whaIaDm,6/1/2023 8:00,6/1/2023 8:00,6/1/2023 8:00
1317,lKqQM0n,6/2/2023 8:00,6/2/2023 8:00,6/2/2023 8:00
1318,kCefFZn,6/3/2023 8:00,6/3/2023 8:00,6/3/2023 8:00
1319,zCpX5yE,6/4/2023 8:00,6/4/2023 8:00,6/4/2023 8:00
1320,0Sz7VAp,6/5/2023 8:00,6/5/2023 8:00,6/5/2023 8:00
1321,9Hn9ZEV,6/6/2023 8:00,6/6/2023 8:00,6/6/2023 8:00
1322,xQ15LGi,6/7/2023 8:00,6/7/2023 8:00,6/7/2023 8:00
1323,bxzYOx7,6/8/2023 8:00,6/8/2023 8:00,6/8/2023 8:00
1324,wN55ZfI,6/9/2023 8:00,6/9/2023 8:00,6/9/2023 8:00
1325,pto6wYr,6/10/2023 8:00,6/10/2023 8:00,6/10/2023 8:00
1326,phS3LhK,6/11/2023 8:00,6/11/2023 8:00,6/11/2023 8:00
1327,ybFIPRi,6/12/2023 8:00,6/12/2023 8:00,6/12/2023 8:00
1328,LDQepnc,6/13/2023 8:00,6/13/2023 8:00,6/13/2023 8:00
1329,DW48idL,6/14/2023 8:00,6/14/2023 8:00,6/14/2023 8:00
1330,2OAeGpd,6/15/2023 8:00,6/15/2023 8:00,6/15/2023 8:00
1331,IbizyG6,6/16/2023 8:00,6/16/2023 8:00,6/16/2023 8:00
1332,dY067dL,6/17/2023 8:00,6/17/2023 8:00,6/17/2023 8:00
1333,rZB4UUa,6/18/2023 8:00,6/18/2023 8:00,6/18/2023 8:00
1334,K5rJOAI,6/19/2023 8:00,6/19/2023 8:00,6/19/2023 8:00
1335,tgULTm2,6/20/2023 8:00,6/20/2023 8:00,6/20/2023 8:00
1336,V9PwB7O,6/21/2023 8:00,6/21/2023 8:00,6/21/2023 8:00
1337,509AzMs,6/22/2023 8:00,6/22/2023 8:00,6/22/2023 8:00
1338,4KTLxWs,6/23/2023 8:00,6/23/2023 8:00,6/23/2023 8:00
1339,ERdMECX,6/24/2023 8:00,6/24/2023 8:00,6/24/2023 8:00
1340,wJbJurl,6/25/2023 8:00,6/25/2023 8:00,6/25/2023 8:00
1341,UsgE9I9,6/26/2023 8:00,6/26/2023 8:00,6/26/2023 8:00
1342,rWfGjye,6/27/2023 8:00,6/27/2023 8:00,6/27/2023 8:00
1343,8zOgN09,6/28/2023 8:00,6/28/2023 8:00,6/28/2023 8:00
1344,UogSYQ5,6/29/2023 8:00,6/29/2023 8:00,6/29/2023 8:00
1345,MuxLtph,6/30/2023 8:00,6/30/2023 8:00,6/30/2023 8:00
1346,En0qzwR,7/1/2023 8:00,7/1/2023 8:00,7/1/2023 8:00
1347,IOZRdxr,7/2/2023 8:00,7/2/2023 8:00,7/2/2023 8:00
1348,Jbws2w9,7/3/2023 8:00,7/3/2023 8:00,7/3/2023 8:00
1349,00hvSPb,7/4/2023 8:00,7/4/2023 8:00,7/4/2023 8:00
1350,tLXNrNj,7/5/2023 8:00,7/5/2023 8:00,7/5/2023 8:00
1351,RrES9wQ,7/6/2023 8:00,7/6/2023 8:00,7/6/2023 8:00
1352,2WM2ZBM,7/7/2023 8:00,7/7/2023 8:00,7/7/2023 8:00
1353,BL7bQrc,7/8/2023 8:00,7/8/2023 8:00,7/8/2023 8:00
1354,hgBYYRL,7/9/2023 8:00,7/9/2023 8:00,7/9/2023 8:00
1355,HowcXv3,7/10/2023 8:00,7/10/2023 8:00,7/10/2023 8:00
1356,bqoLdRd,7/11/2023 8:00,7/11/2023 8:00,7/11/2023 8:00
1357,vvyGjdr,7/12/2023 8:00,7/12/2023 8:00,7/12/2023 8:00
1358,XXJKFJ4,7/13/2023 8:00,7/13/2023 8:00,7/13/2023 8:00
1359,7ktfMBv,7/14/2023 8:00,7/14/2023 8:00,7/14/2023 8:00
1360,Ddu06lE,7/15/2023 8:00,7/15/2023 8:00,7/15/2023 8:00
1361,5IQCt6o,7/16/2023 8:00,7/16/2023 8:00,7/16/2023 8:00
1362,KxmOU7k,7/17/2023 8:00,7/17/2023 8:00,7/17/2023 8:00
1363,89uRyn5,7/18/2023 8:00,7/18/2023 8:00,7/18/2023 8:00
1364,zBebZoc,7/19/2023 8:00,7/19/2023 8:00,7/19/2023 8:00
1365,2ijLXsB,7/20/2023 8:00,7/20/2023 8:00,7/20/2023 8:00
1366,Fzy5k2f,7/21/2023 8:00,7/21/2023 8:00,7/21/2023 8:00
1367,FTc4AJr,7/22/2023 8:00,7/22/2023 8:00,7/22/2023 8:00
1368,Up2eZO2,7/23/2023 8:00,7/23/2023 8:00,7/23/2023 8:00
1369,9H2NoaS,7/24/2023 8:00,7/24/2023 8:00,7/24/2023 8:00
1370,Qfjspff,7/25/2023 8:00,7/25/2023 8:00,7/25/2023 8:00
1371,WW9MYdQ,7/26/2023 8:00,7/26/2023 8:00,7/26/2023 8:00
1372,HqYtXML,7/27/2023 8:00,7/27/2023 8:00,7/27/2023 8:00
1373,IryfrzR,7/28/2023 8:00,7/28/2023 8:00,7/28/2023 8:00
1374,9fiMwEV,7/29/2023 8:00,7/29/2023 8:00,7/29/2023 8:00
1375,WpVtraO,7/30/2023 8:00,7/30/2023 8:00,7/30/2023 8:00
1376,DLhugXu,7/31/2023 8:00,7/31/2023 8:00,7/31/2023 8:00
1377,a7hNifI,8/1/2023 8:00,8/1/2023 8:00,8/1/2023 8:00
1378,EMEMp22,8/2/2023 8:00,8/2/2023 8:00,8/2/2023 8:00
1379,pJRn36D,8/3/2023 8:00,8/3/2023 8:00,8/3/2023 8:00
1380,9spk6Gc,8/4/2023 8:00,8/4/2023 8:00,8/4/2023 8:00
1381,dKpng3A,8/5/2023 8:00,8/5/2023 8:00,8/5/2023 8:00
1382,pDdTmYC,8/6/2023 8:00,8/6/2023 8:00,8/6/2023 8:00
1383,jn79vtx,8/7/2023 8:00,8/7/2023 8:00,8/7/2023 8:00
1384,Xge4tYS,8/8/2023 8:00,8/8/2023 8:00,8/8/2023 8:00
1385,UWZ0fd5,8/9/2023 8:00,8/9/2023 8:00,8/9/2023 8:00
1386,r9dIMo6,8/10/2023 8:00,8/10/2023 8:00,8/10/2023 8:00
1387,nVFTJQp,8/11/2023 8:00,8/11/2023 8:00,8/11/2023 8:00
1388,f6QxeLD,8/12/2023 8:00,8/12/2023 8:00,8/12/2023 8:00
1389,y56GcMP,8/13/2023 8:00,8/13/2023 8:00,8/13/2023 8:00
1390,sy2WwEN,8/14/2023 8:00,8/14/2023 8:00,8/14/2023 8:00
1391,7E27uM7,8/15/2023 8:00,8/15/2023 8:00,8/15/2023 8:00
1392,UVo7wCl,8/16/2023 8:00,8/16/2023 8:00,8/16/2023 8:00
1393,pKPpPAm,8/17/2023 8:00,8/17/2023 8:00,8/17/2023 8:00
1394,jvy9F3F,8/18/2023 8:00,8/18/2023 8:00,8/18/2023 8:00
1395,v0quFX0,8/19/2023 8:00,8/19/2023 8:00,8/19/2023 8:00
1396,6usDiRy,8/20/2023 8:00,8/20/2023 8:00,8/20/2023 8:00
1397,uSJgU1F,8/21/2023 8:00,8/21/2023 8:00,8/21/2023 8:00
1398,NJARX3e,8/22/2023 8:00,8/22/2023 8:00,8/22/2023 8:00
1399,2j2O1EN,8/23/2023 8:00,8/23/2023 8:00,8/23/2023 8:00
1400,URtPeRB,8/24/2023 8:00,8/24/2023 8:00,8/24/2023 8:00
1401,YfTxeJ8,8/25/2023 8:00,8/25/2023 8:00,8/25/2023 8:00
1402,ilSNo9s,8/26/2023 8:00,8/26/2023 8:00,8/26/2023 8:00
1403,zi4qFi4,8/27/2023 8:00,8/27/2023 8:00,8/27/2023 8:00
1404,MpNUPjw,8/28/2023 8:00,8/28/2023 8:00,8/28/2023 8:00
1405,3hGbXol,8/29/2023 8:00,8/29/2023 8:00,8/29/2023 8:00
1406,QzDzbJm,8/30/2023 8:00,8/30/2023 8:00,8/30/2023 8:00
1407,k8IZGPt,8/31/2023 8:00,8/31/2023 8:00,8/31/2023 8:00
1408,stD0T7m,9/1/2023 8:00,9/1/2023 8:00,9/1/2023 8:00
1409,6Qy4Pvo,9/2/2023 8:00,9/2/2023 8:00,9/2/2023 8:00
1410,1chIFmE,9/3/2023 8:00,9/3/2023 8:00,9/3/2023 8:00
1411,2JJRg7d,9/4/2023 8:00,9/4/2023 8:00,9/4/2023 8:00
1412,I1qIyVY,9/5/2023 8:00,9/5/2023 8:00,9/5/2023 8:00
1413,ESFhUqN,9/6/2023 8:00,9/6/2023 8:00,9/6/2023 8:00
1414,70NAXsZ,9/7/2023 8:00,9/7/2023 8:00,9/7/2023 8:00
1415,ncU4pRK,9/8/2023 8:00,9/8/2023 8:00,9/8/2023 8:00
1416,b7UJYit,9/9/2023 8:00,9/9/2023 8:00,9/9/2023 8:00
1417,fYZg8Tu,9/10/2023 8:00,9/10/2023 8:00,9/10/2023 8:00
1418,SqzwjRP,9/11/2023 8:00,9/11/2023 8:00,9/11/2023 8:00
1419,riYYjsd,9/12/2023 8:00,9/12/2023 8:00,9/12/2023 8:00
1420,pt99ePb,9/13/2023 8:00,9/13/2023 8:00,9/13/2023 8:00
1421,uSe8cvf,9/14/2023 8:00,9/14/2023 8:00,9/14/2023 8:00
1422,HNB0ceR,9/15/2023 8:00,9/15/2023 8:00,9/15/2023 8:00
1423,zPQ6F6N,9/16/2023 8:00,9/16/2023 8:00,9/16/2023 8:00
1424,DpXlLld,9/17/2023 8:00,9/17/2023 8:00,9/17/2023 8:00
1425,0izBm6O,9/18/2023 8:00,9/18/2023 8:00,9/18/2023 8:00
1426,zkkPEPk,9/19/2023 8:00,9/19/2023 8:00,9/19/2023 8:00
1427,NpSSQYM,9/20/2023 8:00,9/20/2023 8:00,9/20/2023 8:00
1428,h1fmGJx,9/21/2023 8:00,9/21/2023 8:00,9/21/2023 8:00
1429,fXdsZav,9/22/2023 8:00,9/22/2023 8:00,9/22/2023 8:00
1430,dYGaUbA,9/23/2023 8:00,9/23/2023 8:00,9/23/2023 8:00
1431,Wkg7SXo,9/24/2023 8:00,9/24/2023 8:00,9/24/2023 8:00
1432,T4WaBeX,9/25/2023 8:00,9/25/2023 8:00,9/25/2023 8:00
1433,9Hq4XxP,9/26/2023 8:00,9/26/2023 8:00,9/26/2023 8:00
1434,6MzwrjW,9/27/2023 8:00,9/27/2023 8:00,9/27/2023 8:00
1435,EUTvrcK,9/28/2023 8:00,9/28/2023 8:00,9/28/2023 8:00
1436,pmwUJum,9/29/2023 8:00,9/29/2023 8:00,9/29/2023 8:00
1437,6EA54mw,9/30/2023 8:00,9/30/2023 8:00,9/30/2023 8:00
1438,1I4FJo9,10/1/2023 8:00,10/1/2023 8:00,10/1/2023 8:00
1439,Q0FhuxQ,10/2/2023 8:00,10/2/2023 8:00,10/2/2023 8:00
1440,jnh4F39,10/3/2023 8:00,10/3/2023 8:00,10/3/2023 8:00
1441,UuOz6qD,10/4/2023 8:00,10/4/2023 8:00,10/4/2023 8:00
1442,1haXowm,10/5/2023 8:00,10/5/2023 8:00,10/5/2023 8:00
1443,yGalk2d,10/6/2023 8:00,10/6/2023 8:00,10/6/2023 8:00
1444,AOI9HSs,10/7/2023 8:00,10/7/2023 8:00,10/7/2023 8:00
1445,LIul4jZ,10/8/2023 8:00,10/8/2023 8:00,10/8/2023 8:00
1446,y6zmAdD,10/9/2023 8:00,10/9/2023 8:00,10/9/2023 8:00
1447,UQQvedX,10/10/2023 8:00,10/10/2023 8:00,10/10/2023 8:00
1448,5lmijMf,10/11/2023 8:00,10/11/2023 8:00,10/11/2023 8:00
1449,jxooN0l,10/12/2023 8:00,10/12/2023 8:00,10/12/2023 8:00
1450,U7NASdV,10/13/2023 8:00,10/13/2023 8:00,10/13/2023 8:00
1451,n32nsx7,10/14/2023 8:00,10/14/2023 8:00,10/14/2023 8:00
1452,njeLGuJ,10/15/2023 8:00,10/15/2023 8:00,10/15/2023 8:00
1453,nK1AYas,10/16/2023 8:00,10/16/2023 8:00,10/16/2023 8:00
1454,oUURnGP,10/17/2023 8:00,10/17/2023 8:00,10/17/2023 8:00
1455,9S3GpRM,10/18/2023 8:00,10/18/2023 8:00,10/18/2023 8:00
1456,zjP1IMy,10/19/2023 8:00,10/19/2023 8:00,10/19/2023 8:00
1457,PVS2MSu,10/20/2023 8:00,10/20/2023 8:00,10/20/2023 8:00
1458,31pwm4i,10/21/2023 8:00,10/21/2023 8:00,10/21/2023 8:00
1459,LWwm6IC,10/22/2023 8:00,10/22/2023 8:00,10/22/2023 8:00
1460,hnmXJnq,10/23/2023 8:00,10/23/2023 8:00,10/23/2023 8:00
1461,UEk7OCK,10/24/2023 8:00,10/24/2023 8:00,10/24/2023 8:00
1462,1eX51LV,10/25/2023 8:00,10/25/2023 8:00,10/25/2023 8:00
1463,ackazqK,10/26/2023 8:00,10/26/2023 8:00,10/26/2023 8:00
1464,vls0ErK,10/27/2023 8:00,10/27/2023 8:00,10/27/2023 8:00
1465,BkgGNfu,10/28/2023 8:00,10/28/2023 8:00,10/28/2023 8:00
1466,AYu8GZ3,10/29/2023 8:00,10/29/2023 8:00,10/29/2023 8:00
1467,NbzgjtH,10/30/2023 8:00,10/30/2023 8:00,10/30/2023 8:00
1468,FvtOsMp,10/31/2023 8:00,10/31/2023 8:00,10/31/2023 8:00
1469,IYRD16H,11/1/2023 8:00,11/1/2023 8:00,11/1/2023 8:00
1470,C750V7G,11/2/2023 8:00,11/2/2023 8:00,11/2/2023 8:00
1471,Yx7WLqK,11/3/2023 8:00,11/3/2023 8:00,11/3/2023 8:00
1472,sfrJnFG,11/4/2023 8:00,11/4/2023 8:00,11/4/2023 8:00
1473,8EXV70V,11/5/2023 8:00,11/5/2023 8:00,11/5/2023 8:00
1474,wbj3RaF,11/6/2023 8:00,11/6/2023 8:00,11/6/2023 8:00
1475,diu2q87,11/7/2023 8:00,11/7/2023 8:00,11/7/2023 8:00
1476,6wRHG0y,11/8/2023 8:00,11/8/2023 8:00,11/8/2023 8:00
1477,i8Vdy68,11/9/2023 8:00,11/9/2023 8:00,11/9/2023 8:00
1478,U3l2QHt,11/10/2023 8:00,11/10/2023 8:00,11/10/2023 8:00
1479,ttgmous,11/11/2023 8:00,11/11/2023 8:00,11/11/2023 8:00
1480,VoJ42Eu,11/12/2023 8:00,11/12/2023 8:00,11/12/2023 8:00
1481,hIA5FXv,11/13/2023 8:00,11/13/2023 8:00,11/13/2023 8:00
1482,pji6edJ,11/14/2023 8:00,11/14/2023 8:00,11/14/2023 8:00
1483,UqjuSkq,11/15/2023 8:00,11/15/2023 8:00,11/15/2023 8:00
1484,t7Cqwgv,11/16/2023 8:00,11/16/2023 8:00,11/16/2023 8:00
1485,PXzkk31,11/17/2023 8:00,11/17/2023 8:00,11/17/2023 8:00
1486,A9jmhSz,11/18/2023 8:00,11/18/2023 8:00,11/18/2023 8:00
1487,npKdqbt,11/19/2023 8:00,11/19/2023 8:00,11/19/2023 8:00
1488,AcRCvJL,11/20/2023 8:00,11/20/2023 8:00,11/20/2023 8:00
1489,IVR9HML,11/21/2023 8:00,11/21/2023 8:00,11/21/2023 8:00
1490,0rmf83M,11/22/2023 8:00,11/22/2023 8:00,11/22/2023 8:00
1491,XkfpIHp,11/23/2023 8:00,11/23/2023 8:00,11/23/2023 8:00
1492,x0Jasjw,11/24/2023 8:00,11/24/2023 8:00,11/24/2023 8:00
1493,Kz2waxE,11/25/2023 8:00,11/25/2023 8:00,11/25/2023 8:00
1494,UYe42gI,11/26/2023 8:00,11/26/2023 8:00,11/26/2023 8:00
1495,c9MmkNi,11/27/2023 8:00,11/27/2023 8:00,11/27/2023 8:00
1496,bpgqXr4,11/28/2023 8:00,11/28/2023 8:00,11/28/2023 8:00
1497,MN9rhF5,11/29/2023 8:00,11/29/2023 8:00,11/29/2023 8:00
1498,7hDaep3,11/30/2023 8:00,11/30/2023 8:00,11/30/2023 8:00
1499,SkW3BRM,12/1/2023 8:00,12/1/2023 8:00,12/1/2023 8:00
1500,LUTZ7o7,12/2/2023 8:00,12/2/2023 8:00,12/2/2023 8:00
